title,price,category,producturl,imageurl,size,brand
Dari's Chicken Noodle Soup 550g,$6.80,Meal Occasions,https://www.woolworths.com.au/shop/productdetails/181143/dari-s-chicken-noodle-soup,https://cdn1.woolworths.media/content/wowproductimages/large/181143.jpg,550g,Dari's
Dari's Hearty Chicken Soup 550g,$6.80,Meal Occasions,https://www.woolworths.com.au/shop/productdetails/180787/dari-s-hearty-chicken-soup,https://cdn1.woolworths.media/content/wowproductimages/large/180787.jpg,550g,Dari's
Global Bakehouse Value Garlic Bread 225g x 2 pack,$2.10,Meal Occasions,https://www.woolworths.com.au/shop/productdetails/364853/global-bakehouse-value-garlic-bread,https://cdn1.woolworths.media/content/wowproductimages/large/364853.jpg,2x225g,Global
Dari's Chicken & Corn Soup 550g,$6.80,Meal Occasions,https://www.woolworths.com.au/shop/productdetails/181922/dari-s-chicken-corn-soup,https://cdn1.woolworths.media/content/wowproductimages/large/181922.jpg,550g,Dari's
Dari's Classic Pumpkin Soup 550g,$6.80,Meal Occasions,https://www.woolworths.com.au/shop/productdetails/210591/dari-s-classic-pumpkin-soup,https://cdn1.woolworths.media/content/wowproductimages/large/210591.jpg,550g,Dari's
Dari's Classic Vegetable Soup 550g,$6.80,Meal Occasions,https://www.woolworths.com.au/shop/productdetails/180711/dari-s-classic-vegetable-soup,https://cdn1.woolworths.media/content/wowproductimages/large/180711.jpg,550g,Dari's
Dari's Lentil Soup 550g,$6.80,Meal Occasions,https://www.woolworths.com.au/shop/productdetails/180479/dari-s-lentil-soup,https://cdn1.woolworths.media/content/wowproductimages/large/180479.jpg,550g,Dari's
Good Bones Organic Bone Broth Chicken 500mL,$13.00,Meal Occasions,https://www.woolworths.com.au/shop/productdetails/870931/good-bones-organic-bone-broth-chicken,https://cdn1.woolworths.media/content/wowproductimages/large/870931.jpg,500ml,Good Bones
La Famiglia Garlic Bread Slices 270g,$6.50,Meal Occasions,https://www.woolworths.com.au/shop/productdetails/184335/la-famiglia-garlic-bread-slices,https://cdn1.woolworths.media/content/wowproductimages/large/184335.jpg,270g,La Famiglia
Dari's Chicken Noodle Soup 550g,$6.80,Meal Occasions,https://www.woolworths.com.au/shop/productdetails/181143/dari-s-chicken-noodle-soup,https://cdn1.woolworths.media/content/wowproductimages/large/181143.jpg,550g,Dari's
Dari's Hearty Chicken Soup 550g,$6.80,Meal Occasions,https://www.woolworths.com.au/shop/productdetails/180787/dari-s-hearty-chicken-soup,https://cdn1.woolworths.media/content/wowproductimages/large/180787.jpg,550g,Dari's
Dari's Chicken & Corn Soup 550g,$6.80,Meal Occasions,https://www.woolworths.com.au/shop/productdetails/181922/dari-s-chicken-corn-soup,https://cdn1.woolworths.media/content/wowproductimages/large/181922.jpg,550g,Dari's
Dari's Classic Pumpkin Soup 550g,$6.80,Meal Occasions,https://www.woolworths.com.au/shop/productdetails/210591/dari-s-classic-pumpkin-soup,https://cdn1.woolworths.media/content/wowproductimages/large/210591.jpg,550g,Dari's
Dari's Classic Vegetable Soup 550g,$6.80,Meal Occasions,https://www.woolworths.com.au/shop/productdetails/180711/dari-s-classic-vegetable-soup,https://cdn1.woolworths.media/content/wowproductimages/large/180711.jpg,550g,Dari's
Dari's Lentil Soup 550g,$6.80,Meal Occasions,https://www.woolworths.com.au/shop/productdetails/180479/dari-s-lentil-soup,https://cdn1.woolworths.media/content/wowproductimages/large/180479.jpg,550g,Dari's
Good Bones Organic Bone Broth Chicken 500mL,$13.00,Meal Occasions,https://www.woolworths.com.au/shop/productdetails/870931/good-bones-organic-bone-broth-chicken,https://cdn1.woolworths.media/content/wowproductimages/large/870931.jpg,500ml,Good Bones
Woolworths Creamy Pasta Salad 800g,$7.00,Meal Occasions,https://www.woolworths.com.au/shop/productdetails/793192/woolworths-creamy-pasta-salad,https://cdn1.woolworths.media/content/wowproductimages/large/793192.jpg,800g,Woolworths
Dari's Chicken Noodle Soup 550g,$6.80,Meal Occasions,https://www.woolworths.com.au/shop/productdetails/181143/dari-s-chicken-noodle-soup,https://cdn1.woolworths.media/content/wowproductimages/large/181143.jpg,550g,Dari's
Dari's Hearty Chicken Soup 550g,$6.80,Meal Occasions,https://www.woolworths.com.au/shop/productdetails/180787/dari-s-hearty-chicken-soup,https://cdn1.woolworths.media/content/wowproductimages/large/180787.jpg,550g,Dari's
Woolworths Cook Chicken Wing Nibbles Honey Soy 1kg,$10.00,Meal Occasions,https://www.woolworths.com.au/shop/productdetails/725992/woolworths-cook-chicken-wing-nibbles-honey-soy,https://cdn1.woolworths.media/content/wowproductimages/large/725992.jpg,1kg,Woolworths
Woolworths Garlic Bread Slices 270g,$3.30,Meal Occasions,https://www.woolworths.com.au/shop/productdetails/695868/woolworths-garlic-bread-slices,https://cdn1.woolworths.media/content/wowproductimages/large/695868.jpg,270g,Woolworths
Dari's Chicken & Corn Soup 550g,$6.80,Meal Occasions,https://www.woolworths.com.au/shop/productdetails/181922/dari-s-chicken-corn-soup,https://cdn1.woolworths.media/content/wowproductimages/large/181922.jpg,550g,Dari's
Dari's Classic Pumpkin Soup 550g,$6.80,Meal Occasions,https://www.woolworths.com.au/shop/productdetails/210591/dari-s-classic-pumpkin-soup,https://cdn1.woolworths.media/content/wowproductimages/large/210591.jpg,550g,Dari's
La Famiglia Garlic Bread Sourdough 480g,$5.00,Meal Occasions,https://www.woolworths.com.au/shop/productdetails/717519/la-famiglia-garlic-bread-sourdough,https://cdn1.woolworths.media/content/wowproductimages/large/717519.jpg,480g,La Famiglia
Dari's Classic Vegetable Soup 550g,$6.80,Meal Occasions,https://www.woolworths.com.au/shop/productdetails/180711/dari-s-classic-vegetable-soup,https://cdn1.woolworths.media/content/wowproductimages/large/180711.jpg,550g,Dari's
Dari's Lentil Soup 550g,$6.80,Meal Occasions,https://www.woolworths.com.au/shop/productdetails/180479/dari-s-lentil-soup,https://cdn1.woolworths.media/content/wowproductimages/large/180479.jpg,550g,Dari's
Woolworths Garlic Loaf 400g,$3.25,Meal Occasions,https://www.woolworths.com.au/shop/productdetails/638248/woolworths-garlic-loaf,https://cdn1.woolworths.media/content/wowproductimages/large/638248.jpg,400g,Woolworths
Good Bones Organic Bone Broth Chicken 500mL,$13.00,Meal Occasions,https://www.woolworths.com.au/shop/productdetails/870931/good-bones-organic-bone-broth-chicken,https://cdn1.woolworths.media/content/wowproductimages/large/870931.jpg,500ml,Good Bones
Woolworths &Veg Beef Meatballs With Carrot Celery Tomato & Onion 400g,$8.00,Meal Occasions,https://www.woolworths.com.au/shop/productdetails/84993/woolworths-veg-beef-meatballs-with-carrot-celery-tomato-onion,https://cdn1.woolworths.media/content/wowproductimages/large/084993.jpg,400g,Woolworths
Woolworths Fresh Creamy Pumpkin Soup 300g,$4.00,Meal Occasions,https://www.woolworths.com.au/shop/productdetails/744855/woolworths-fresh-creamy-pumpkin-soup,https://cdn1.woolworths.media/content/wowproductimages/large/744855.jpg,300g,Woolworths
Market Value 35 Meatballs 700g,$10.00,Meal Occasions,https://www.woolworths.com.au/shop/productdetails/339907/market-value-35-meatballs,https://cdn1.woolworths.media/content/wowproductimages/large/339907.jpg,700g,Market Value
Dari's Chicken Noodle Soup 550g,$6.80,Meal Occasions,https://www.woolworths.com.au/shop/productdetails/181143/dari-s-chicken-noodle-soup,https://cdn1.woolworths.media/content/wowproductimages/large/181143.jpg,550g,Dari's
Dari's Hearty Chicken Soup 550g,$6.80,Meal Occasions,https://www.woolworths.com.au/shop/productdetails/180787/dari-s-hearty-chicken-soup,https://cdn1.woolworths.media/content/wowproductimages/large/180787.jpg,550g,Dari's
Dari's Chicken & Corn Soup 550g,$6.80,Meal Occasions,https://www.woolworths.com.au/shop/productdetails/181922/dari-s-chicken-corn-soup,https://cdn1.woolworths.media/content/wowproductimages/large/181922.jpg,550g,Dari's
Woolworths Creamy Pasta Salad 400g,$5.00,Meal Occasions,https://www.woolworths.com.au/shop/productdetails/793193/woolworths-creamy-pasta-salad,https://cdn1.woolworths.media/content/wowproductimages/large/793193.jpg,400g,Woolworths
Dari's Classic Pumpkin Soup 550g,$6.80,Meal Occasions,https://www.woolworths.com.au/shop/productdetails/210591/dari-s-classic-pumpkin-soup,https://cdn1.woolworths.media/content/wowproductimages/large/210591.jpg,550g,Dari's
Woolworths Creamy Potato Salad 800g,$7.00,Meal Occasions,https://www.woolworths.com.au/shop/productdetails/793189/woolworths-creamy-potato-salad,https://cdn1.woolworths.media/content/wowproductimages/large/793189.jpg,800g,Woolworths
Dari's Classic Vegetable Soup 550g,$6.80,Meal Occasions,https://www.woolworths.com.au/shop/productdetails/180711/dari-s-classic-vegetable-soup,https://cdn1.woolworths.media/content/wowproductimages/large/180711.jpg,550g,Dari's
Dari's Lentil Soup 550g,$6.80,Meal Occasions,https://www.woolworths.com.au/shop/productdetails/180479/dari-s-lentil-soup,https://cdn1.woolworths.media/content/wowproductimages/large/180479.jpg,550g,Dari's
La Famiglia Garlic Bread 400g,$5.00,Meal Occasions,https://www.woolworths.com.au/shop/productdetails/294517/la-famiglia-garlic-bread,https://cdn1.woolworths.media/content/wowproductimages/large/294517.jpg,400g,La Famiglia
Good Bones Organic Bone Broth Chicken 500mL,$13.00,Meal Occasions,https://www.woolworths.com.au/shop/productdetails/870931/good-bones-organic-bone-broth-chicken,https://cdn1.woolworths.media/content/wowproductimages/large/870931.jpg,500ml,Good Bones
Woolworths Classic Coleslaw 800g,$7.00,Meal Occasions,https://www.woolworths.com.au/shop/productdetails/311534/woolworths-classic-coleslaw,https://cdn1.woolworths.media/content/wowproductimages/large/311534.jpg,800g,Woolworths
Woolworths Cook Chicken Breast Steaks Lemon & Pepper 500g,$9.00,Meal Occasions,https://www.woolworths.com.au/shop/productdetails/81621/woolworths-cook-chicken-breast-steaks-lemon-pepper,https://cdn1.woolworths.media/content/wowproductimages/large/081621.jpg,500g,Woolworths
Macro Wholefoods Market Grass Fed Beef Meatballs 12 pack,$7.50,Meal Occasions,https://www.woolworths.com.au/shop/productdetails/390893/macro-wholefoods-market-grass-fed-beef-meatballs,https://cdn1.woolworths.media/content/wowproductimages/large/390893.jpg,12,Macro Wholefoods Market
Dari's Chicken Noodle Soup 550g,$6.80,Meal Occasions,https://www.woolworths.com.au/shop/productdetails/181143/dari-s-chicken-noodle-soup,https://cdn1.woolworths.media/content/wowproductimages/large/181143.jpg,550g,Dari's
Dari's Hearty Chicken Soup 550g,$6.80,Meal Occasions,https://www.woolworths.com.au/shop/productdetails/180787/dari-s-hearty-chicken-soup,https://cdn1.woolworths.media/content/wowproductimages/large/180787.jpg,550g,Dari's
Dari's Chicken & Corn Soup 550g,$6.80,Meal Occasions,https://www.woolworths.com.au/shop/productdetails/181922/dari-s-chicken-corn-soup,https://cdn1.woolworths.media/content/wowproductimages/large/181922.jpg,550g,Dari's
Dari's Classic Pumpkin Soup 550g,$6.80,Meal Occasions,https://www.woolworths.com.au/shop/productdetails/210591/dari-s-classic-pumpkin-soup,https://cdn1.woolworths.media/content/wowproductimages/large/210591.jpg,550g,Dari's
La Famiglia Garlic Bread Just For 2 170g,$3.50,Meal Occasions,https://www.woolworths.com.au/shop/productdetails/520533/la-famiglia-garlic-bread-just-for-2,https://cdn1.woolworths.media/content/wowproductimages/large/520533.jpg,170g,La Famiglia
Dari's Classic Vegetable Soup 550g,$6.80,Meal Occasions,https://www.woolworths.com.au/shop/productdetails/180711/dari-s-classic-vegetable-soup,https://cdn1.woolworths.media/content/wowproductimages/large/180711.jpg,550g,Dari's
Dari's Lentil Soup 550g,$6.80,Meal Occasions,https://www.woolworths.com.au/shop/productdetails/180479/dari-s-lentil-soup,https://cdn1.woolworths.media/content/wowproductimages/large/180479.jpg,550g,Dari's
Antoniou Fillo Pastry 375g,$4.75,Meal Occasions,https://www.woolworths.com.au/shop/productdetails/90922/antoniou-fillo-pastry,https://cdn1.woolworths.media/content/wowproductimages/large/090922.jpg,375g,Antoniou
La Famiglia Garlic Bread Ciabatta 330g,$8.00,Meal Occasions,https://www.woolworths.com.au/shop/productdetails/717550/la-famiglia-garlic-bread-ciabatta,https://cdn1.woolworths.media/content/wowproductimages/large/717550.jpg,330g,La Famiglia
Good Bones Organic Bone Broth Chicken 500mL,$13.00,Meal Occasions,https://www.woolworths.com.au/shop/productdetails/870931/good-bones-organic-bone-broth-chicken,https://cdn1.woolworths.media/content/wowproductimages/large/870931.jpg,500ml,Good Bones
Woolworths Classic Coleslaw 400g,$5.00,Meal Occasions,https://www.woolworths.com.au/shop/productdetails/382779/woolworths-classic-coleslaw,https://cdn1.woolworths.media/content/wowproductimages/large/382779.jpg,400g,Woolworths
Woolworths Cook Chicken Breast Steaks Sweet Soy BBQ 500g,$9.00,Meal Occasions,https://www.woolworths.com.au/shop/productdetails/81632/woolworths-cook-chicken-breast-steaks-sweet-soy-bbq,https://cdn1.woolworths.media/content/wowproductimages/large/081632.jpg,500g,Woolworths
Vegie Delights Plant Based Vegie Sausages 300g,$7.50,Meal Occasions,https://www.woolworths.com.au/shop/productdetails/249730/vegie-delights-plant-based-vegie-sausages,https://cdn1.woolworths.media/content/wowproductimages/large/249730.jpg,300g,Vegie Delights
Dari's Chicken Noodle Soup 550g,$6.80,Meal Occasions,https://www.woolworths.com.au/shop/productdetails/181143/dari-s-chicken-noodle-soup,https://cdn1.woolworths.media/content/wowproductimages/large/181143.jpg,550g,Dari's
Dari's Hearty Chicken Soup 550g,$6.80,Meal Occasions,https://www.woolworths.com.au/shop/productdetails/180787/dari-s-hearty-chicken-soup,https://cdn1.woolworths.media/content/wowproductimages/large/180787.jpg,550g,Dari's
Woolworths Classic Coleslaw 250g,$4.00,Meal Occasions,https://www.woolworths.com.au/shop/productdetails/546843/woolworths-classic-coleslaw,https://cdn1.woolworths.media/content/wowproductimages/large/546843.jpg,250g,Woolworths
Dari's Chicken & Corn Soup 550g,$6.80,Meal Occasions,https://www.woolworths.com.au/shop/productdetails/181922/dari-s-chicken-corn-soup,https://cdn1.woolworths.media/content/wowproductimages/large/181922.jpg,550g,Dari's
Global Bakehouse Garlic Bread 450g,$4.50,Meal Occasions,https://www.woolworths.com.au/shop/productdetails/804634/global-bakehouse-garlic-bread,https://cdn1.woolworths.media/content/wowproductimages/large/804634.jpg,450g,Global Bakehouse
Dari's Classic Pumpkin Soup 550g,$6.80,Meal Occasions,https://www.woolworths.com.au/shop/productdetails/210591/dari-s-classic-pumpkin-soup,https://cdn1.woolworths.media/content/wowproductimages/large/210591.jpg,550g,Dari's
Woolworths Cook Pork Steaks With Sweet & Smokey BBQ Glaze 250g,$8.00,Meal Occasions,https://www.woolworths.com.au/shop/productdetails/697368/woolworths-cook-pork-steaks-with-sweet-smokey-bbq-glaze,https://cdn1.woolworths.media/content/wowproductimages/large/697368.jpg,250g,Woolworths
Dari's Classic Vegetable Soup 550g,$6.80,Meal Occasions,https://www.woolworths.com.au/shop/productdetails/180711/dari-s-classic-vegetable-soup,https://cdn1.woolworths.media/content/wowproductimages/large/180711.jpg,550g,Dari's
Dari's Lentil Soup 550g,$6.80,Meal Occasions,https://www.woolworths.com.au/shop/productdetails/180479/dari-s-lentil-soup,https://cdn1.woolworths.media/content/wowproductimages/large/180479.jpg,550g,Dari's
Good Bones Organic Bone Broth Chicken 500mL,$13.00,Meal Occasions,https://www.woolworths.com.au/shop/productdetails/870931/good-bones-organic-bone-broth-chicken,https://cdn1.woolworths.media/content/wowproductimages/large/870931.jpg,500ml,Good Bones
Woolworths Creamy Pasta Salad 250g,$4.00,Meal Occasions,https://www.woolworths.com.au/shop/productdetails/546845/woolworths-creamy-pasta-salad,https://cdn1.woolworths.media/content/wowproductimages/large/546845.jpg,250g,Woolworths
Steggles Chicken Breast Enchilada Mexican Style 500g,$9.00,Meal Occasions,https://www.woolworths.com.au/shop/productdetails/317090/steggles-chicken-breast-enchilada-mexican-style,https://cdn1.woolworths.media/content/wowproductimages/large/317090.jpg,500g,Steggles
Woolworths Free From Gluten & Dairy Garlic Bread 250g,$4.50,Meal Occasions,https://www.woolworths.com.au/shop/productdetails/183624/woolworths-free-from-gluten-dairy-garlic-bread,https://cdn1.woolworths.media/content/wowproductimages/large/183624.jpg,250g,Woolworths
Dari's Chicken Noodle Soup 550g,$6.80,Meal Occasions,https://www.woolworths.com.au/shop/productdetails/181143/dari-s-chicken-noodle-soup,https://cdn1.woolworths.media/content/wowproductimages/large/181143.jpg,550g,Dari's
Dari's Hearty Chicken Soup 550g,$6.80,Meal Occasions,https://www.woolworths.com.au/shop/productdetails/180787/dari-s-hearty-chicken-soup,https://cdn1.woolworths.media/content/wowproductimages/large/180787.jpg,550g,Dari's
Woolworths Potato & Leek Soup 300g,$4.00,Meal Occasions,https://www.woolworths.com.au/shop/productdetails/412367/woolworths-potato-leek-soup,https://cdn1.woolworths.media/content/wowproductimages/large/412367.jpg,300g,Woolworths
La Famiglia Garlic Bread 250g,$2.95,Meal Occasions,https://www.woolworths.com.au/shop/productdetails/214863/la-famiglia-garlic-bread,https://cdn1.woolworths.media/content/wowproductimages/large/214863.jpg,250g,La Famiglia
Dari's Chicken & Corn Soup 550g,$6.80,Meal Occasions,https://www.woolworths.com.au/shop/productdetails/181922/dari-s-chicken-corn-soup,https://cdn1.woolworths.media/content/wowproductimages/large/181922.jpg,550g,Dari's
Woolworths Sweet Chicken & Corn Soup 300g,$4.00,Meal Occasions,https://www.woolworths.com.au/shop/productdetails/744840/woolworths-sweet-chicken-corn-soup-asian-style,https://cdn1.woolworths.media/content/wowproductimages/large/744840.jpg,300g,Woolworths
Strength Meals Co Chicken Laksa High Protein Soup 400g,$5.50,Meal Occasions,https://www.woolworths.com.au/shop/productdetails/155289/strength-meals-co-chicken-laksa-high-protein-soup,https://cdn1.woolworths.media/content/wowproductimages/large/155289.jpg,400g,Strength Meals Co
Dari's Classic Pumpkin Soup 550g,$6.80,Meal Occasions,https://www.woolworths.com.au/shop/productdetails/210591/dari-s-classic-pumpkin-soup,https://cdn1.woolworths.media/content/wowproductimages/large/210591.jpg,550g,Dari's
Dari's Classic Vegetable Soup 550g,$6.80,Meal Occasions,https://www.woolworths.com.au/shop/productdetails/180711/dari-s-classic-vegetable-soup,https://cdn1.woolworths.media/content/wowproductimages/large/180711.jpg,550g,Dari's
Dari's Lentil Soup 550g,$6.80,Meal Occasions,https://www.woolworths.com.au/shop/productdetails/180479/dari-s-lentil-soup,https://cdn1.woolworths.media/content/wowproductimages/large/180479.jpg,550g,Dari's
Good Bones Organic Bone Broth Chicken 500mL,$13.00,Meal Occasions,https://www.woolworths.com.au/shop/productdetails/870931/good-bones-organic-bone-broth-chicken,https://cdn1.woolworths.media/content/wowproductimages/large/870931.jpg,500ml,Good Bones
Woolworths Family Classics Cottage Pie 1.1kg,$13.00,Meal Occasions,https://www.woolworths.com.au/shop/productdetails/681569/woolworths-family-classics-cottage-pie-null,https://cdn1.woolworths.media/content/wowproductimages/large/681569.jpg,1.1kg,Woolworths
Woolworths Fresh Chicken Noodle Soup 300g,$4.00,Meal Occasions,https://www.woolworths.com.au/shop/productdetails/421118/woolworths-fresh-chicken-noodle-soup,https://cdn1.woolworths.media/content/wowproductimages/large/421118.jpg,300g,Woolworths
Hedy's Fresh Quiche Lorraine Chilled Meal 1.1kg,$14.50,Meal Occasions,https://www.woolworths.com.au/shop/productdetails/162880/hedy-s-fresh-quiche-lorraine-chilled-meal,https://cdn1.woolworths.media/content/wowproductimages/large/162880.jpg,1.1kg,Hedy's
Dari's Chicken Noodle Soup 550g,$6.80,Meal Occasions,https://www.woolworths.com.au/shop/productdetails/181143/dari-s-chicken-noodle-soup,https://cdn1.woolworths.media/content/wowproductimages/large/181143.jpg,550g,Dari's
Dari's Hearty Chicken Soup 550g,$6.80,Meal Occasions,https://www.woolworths.com.au/shop/productdetails/180787/dari-s-hearty-chicken-soup,https://cdn1.woolworths.media/content/wowproductimages/large/180787.jpg,550g,Dari's
Dari's Chicken & Corn Soup 550g,$6.80,Meal Occasions,https://www.woolworths.com.au/shop/productdetails/181922/dari-s-chicken-corn-soup,https://cdn1.woolworths.media/content/wowproductimages/large/181922.jpg,550g,Dari's
Dari's Classic Pumpkin Soup 550g,$6.80,Meal Occasions,https://www.woolworths.com.au/shop/productdetails/210591/dari-s-classic-pumpkin-soup,https://cdn1.woolworths.media/content/wowproductimages/large/210591.jpg,550g,Dari's
Dari's Hearty Chicken Soup 550g,$6.80,Meal Occasions,https://www.woolworths.com.au/shop/productdetails/180787/dari-s-hearty-chicken-soup,https://cdn1.woolworths.media/content/wowproductimages/large/180787.jpg,550g,Dari's
Dari's Classic Vegetable Soup 550g,$6.80,Meal Occasions,https://www.woolworths.com.au/shop/productdetails/180711/dari-s-classic-vegetable-soup,https://cdn1.woolworths.media/content/wowproductimages/large/180711.jpg,550g,Dari's
Dari's Lentil Soup 550g,$6.80,Meal Occasions,https://www.woolworths.com.au/shop/productdetails/180479/dari-s-lentil-soup,https://cdn1.woolworths.media/content/wowproductimages/large/180479.jpg,550g,Dari's
Good Bones Organic Bone Broth Chicken 500mL,$13.00,Meal Occasions,https://www.woolworths.com.au/shop/productdetails/870931/good-bones-organic-bone-broth-chicken,https://cdn1.woolworths.media/content/wowproductimages/large/870931.jpg,500ml,Good Bones
Dari's Chicken & Corn Soup 550g,$6.80,Meal Occasions,https://www.woolworths.com.au/shop/productdetails/181922/dari-s-chicken-corn-soup,https://cdn1.woolworths.media/content/wowproductimages/large/181922.jpg,550g,Dari's
Woolworths COOK Slow Cooked Roast Lamb Shoulder Garlic & Rosemary 600g,$17.00,Meal Occasions,https://www.woolworths.com.au/shop/productdetails/483555/woolworths-cook-slow-cooked-roast-lamb-shoulder-garlic-rosemary,https://cdn1.woolworths.media/content/wowproductimages/large/483555.jpg,600g,Woolworths
Woolworths Chicken & Vegetable Soup Low Fat 300g,$4.00,Meal Occasions,https://www.woolworths.com.au/shop/productdetails/744854/woolworths-chicken-vegetable-soup-low-fat,https://cdn1.woolworths.media/content/wowproductimages/large/744854.jpg,300g,Woolworths
Dari's Chicken Noodle Soup 550g,$6.80,Meal Occasions,https://www.woolworths.com.au/shop/productdetails/181143/dari-s-chicken-noodle-soup,https://cdn1.woolworths.media/content/wowproductimages/large/181143.jpg,550g,Dari's
Dari's Hearty Chicken Soup 550g,$6.80,Meal Occasions,https://www.woolworths.com.au/shop/productdetails/180787/dari-s-hearty-chicken-soup,https://cdn1.woolworths.media/content/wowproductimages/large/180787.jpg,550g,Dari's
Dari's Chicken & Corn Soup 550g,$6.80,Meal Occasions,https://www.woolworths.com.au/shop/productdetails/181922/dari-s-chicken-corn-soup,https://cdn1.woolworths.media/content/wowproductimages/large/181922.jpg,550g,Dari's
Dari's Classic Pumpkin Soup 550g,$6.80,Meal Occasions,https://www.woolworths.com.au/shop/productdetails/210591/dari-s-classic-pumpkin-soup,https://cdn1.woolworths.media/content/wowproductimages/large/210591.jpg,550g,Dari's
Woolworths Creamy Potato Salad 400g,$5.00,Meal Occasions,https://www.woolworths.com.au/shop/productdetails/793191/woolworths-creamy-potato-salad,https://cdn1.woolworths.media/content/wowproductimages/large/793191.jpg,400g,Woolworths
Dari's Lentil Soup 550g,$6.80,Meal Occasions,https://www.woolworths.com.au/shop/productdetails/180479/dari-s-lentil-soup,https://cdn1.woolworths.media/content/wowproductimages/large/180479.jpg,550g,Dari's
Dari's Classic Vegetable Soup 550g,$6.80,Meal Occasions,https://www.woolworths.com.au/shop/productdetails/180711/dari-s-classic-vegetable-soup,https://cdn1.woolworths.media/content/wowproductimages/large/180711.jpg,550g,Dari's
Dari's Lentil Soup 550g,$6.80,Meal Occasions,https://www.woolworths.com.au/shop/productdetails/180479/dari-s-lentil-soup,https://cdn1.woolworths.media/content/wowproductimages/large/180479.jpg,550g,Dari's
Hedy's Fresh Quiche Spinach & Feta Chilled Meal 1.1kg,$14.50,Meal Occasions,https://www.woolworths.com.au/shop/productdetails/669044/hedy-s-fresh-quiche-spinach-feta-chilled-meal,https://cdn1.woolworths.media/content/wowproductimages/large/669044.jpg,1.1kg,Hedy's
Good Bones Organic Bone Broth Chicken 500mL,$13.00,Meal Occasions,https://www.woolworths.com.au/shop/productdetails/870931/good-bones-organic-bone-broth-chicken,https://cdn1.woolworths.media/content/wowproductimages/large/870931.jpg,500ml,Good Bones
Strength Meals Co High Protein Hearty Beef Soup 400g,$5.50,Meal Occasions,https://www.woolworths.com.au/shop/productdetails/215475/strength-meals-co-high-protein-hearty-beef-soup,https://cdn1.woolworths.media/content/wowproductimages/large/215475.jpg,400g,Strength Meals Co
Woolworths COOK Slow Cooked Traditional Beef Roast With Garlic & Herb 650g,$15.00,Meal Occasions,https://www.woolworths.com.au/shop/productdetails/483597/woolworths-cook-slow-cooked-traditional-beef-roast-with-garlic-herb,https://cdn1.woolworths.media/content/wowproductimages/large/483597.jpg,650g,Woolworths
Woolworths Slow Cooked Beef Ragu Lasagne 700g,$15.00,Meal Occasions,https://www.woolworths.com.au/shop/productdetails/161993/woolworths-slow-cooked-beef-ragu-lasagne-null,https://cdn1.woolworths.media/content/wowproductimages/large/161993.jpg,700g,Woolworths
Dari's Chicken Noodle Soup 550g,$6.80,Meal Occasions,https://www.woolworths.com.au/shop/productdetails/181143/dari-s-chicken-noodle-soup,https://cdn1.woolworths.media/content/wowproductimages/large/181143.jpg,550g,Dari's
Dari's Hearty Chicken Soup 550g,$6.80,Meal Occasions,https://www.woolworths.com.au/shop/productdetails/180787/dari-s-hearty-chicken-soup,https://cdn1.woolworths.media/content/wowproductimages/large/180787.jpg,550g,Dari's
Dari's Chicken & Corn Soup 550g,$6.80,Meal Occasions,https://www.woolworths.com.au/shop/productdetails/181922/dari-s-chicken-corn-soup,https://cdn1.woolworths.media/content/wowproductimages/large/181922.jpg,550g,Dari's
National Pies Fresh Classic Beef Pies 360g 2 pack,,Meal Occasions,https://www.woolworths.com.au/shop/productdetails/159266/national-pies-fresh-classic-beef-pies-360g,https://cdn1.woolworths.media/content/wowproductimages/large/159266.jpg,2,National Pies
Dari's Classic Pumpkin Soup 550g,$6.80,Meal Occasions,https://www.woolworths.com.au/shop/productdetails/210591/dari-s-classic-pumpkin-soup,https://cdn1.woolworths.media/content/wowproductimages/large/210591.jpg,550g,Dari's
Dari's Classic Vegetable Soup 550g,$6.80,Meal Occasions,https://www.woolworths.com.au/shop/productdetails/180711/dari-s-classic-vegetable-soup,https://cdn1.woolworths.media/content/wowproductimages/large/180711.jpg,550g,Dari's
Dari's Lentil Soup 550g,$6.80,Meal Occasions,https://www.woolworths.com.au/shop/productdetails/180479/dari-s-lentil-soup,https://cdn1.woolworths.media/content/wowproductimages/large/180479.jpg,550g,Dari's
Good Bones Organic Bone Broth Chicken 500mL,$13.00,Meal Occasions,https://www.woolworths.com.au/shop/productdetails/870931/good-bones-organic-bone-broth-chicken,https://cdn1.woolworths.media/content/wowproductimages/large/870931.jpg,500ml,Good Bones
Woolworths Fresh Pea & Ham Soup 300g,$4.00,Meal Occasions,https://www.woolworths.com.au/shop/productdetails/778327/woolworths-fresh-pea-ham-soup,https://cdn1.woolworths.media/content/wowproductimages/large/778327.jpg,300g,Woolworths
Dari's Classic Vegetable Soup 550g,$6.80,Meal Occasions,https://www.woolworths.com.au/shop/productdetails/180711/dari-s-classic-vegetable-soup,https://cdn1.woolworths.media/content/wowproductimages/large/180711.jpg,550g,Dari's
Dari's Chicken Noodle Soup 550g,$6.80,Meal Occasions,https://www.woolworths.com.au/shop/productdetails/181143/dari-s-chicken-noodle-soup,https://cdn1.woolworths.media/content/wowproductimages/large/181143.jpg,550g,Dari's
Dari's Hearty Chicken Soup 550g,$6.80,Meal Occasions,https://www.woolworths.com.au/shop/productdetails/180787/dari-s-hearty-chicken-soup,https://cdn1.woolworths.media/content/wowproductimages/large/180787.jpg,550g,Dari's
Chan's Yum Cha Pork & Chive Gyoza 250g,$6.50,Meal Occasions,https://www.woolworths.com.au/shop/productdetails/180011/chan-s-yum-cha-pork-chive-gyoza,https://cdn1.woolworths.media/content/wowproductimages/large/180011.jpg,250g,Chan's Yum Cha
National Pies Fresh Curried Chicken Pies 2 pack,$8.00,Meal Occasions,https://www.woolworths.com.au/shop/productdetails/520213/national-pies-fresh-curried-chicken-pies-null,https://cdn1.woolworths.media/content/wowproductimages/large/520213.jpg,2,National Pies
Woolworths Basil Pesto Pasta Salad 250g,$5.50,Meal Occasions,https://www.woolworths.com.au/shop/productdetails/385698/woolworths-basil-pesto-pasta-salad,https://cdn1.woolworths.media/content/wowproductimages/large/385698.jpg,250g,Woolworths
Dari's Chicken & Corn Soup 550g,$6.80,Meal Occasions,https://www.woolworths.com.au/shop/productdetails/181922/dari-s-chicken-corn-soup,https://cdn1.woolworths.media/content/wowproductimages/large/181922.jpg,550g,Dari's
Dari's Classic Pumpkin Soup 550g,$6.80,Meal Occasions,https://www.woolworths.com.au/shop/productdetails/210591/dari-s-classic-pumpkin-soup,https://cdn1.woolworths.media/content/wowproductimages/large/210591.jpg,550g,Dari's
Salad Servers Pumpkin Couscous With Fresh Mint 600g,$10.00,Meal Occasions,https://www.woolworths.com.au/shop/productdetails/627507/salad-servers-pumpkin-couscous-with-fresh-mint,https://cdn1.woolworths.media/content/wowproductimages/large/627507.jpg,600g,Salad Servers
Woolworths Fresh Minestrone Soup Low Fat 300g,$4.00,Meal Occasions,https://www.woolworths.com.au/shop/productdetails/744838/woolworths-fresh-minestrone-soup-low-fat,https://cdn1.woolworths.media/content/wowproductimages/large/744838.jpg,300g,Woolworths
Woolworths Potato Egg & Bacon Salad 350g,$6.50,Meal Occasions,https://www.woolworths.com.au/shop/productdetails/294599/woolworths-potato-egg-bacon-salad,https://cdn1.woolworths.media/content/wowproductimages/large/294599.jpg,350g,Woolworths
Dari's Classic Vegetable Soup 550g,$6.80,Meal Occasions,https://www.woolworths.com.au/shop/productdetails/180711/dari-s-classic-vegetable-soup,https://cdn1.woolworths.media/content/wowproductimages/large/180711.jpg,550g,Dari's
Dari's Lentil Soup 550g,$6.80,Meal Occasions,https://www.woolworths.com.au/shop/productdetails/180479/dari-s-lentil-soup,https://cdn1.woolworths.media/content/wowproductimages/large/180479.jpg,550g,Dari's
Woolworths Cook Chicken Roasting Portions Italian Style 1.5kg - 2kg,,Meal Occasions,https://www.woolworths.com.au/shop/productdetails/83172/woolworths-cook-chicken-roasting-portions-italian-style,https://cdn1.woolworths.media/content/wowproductimages/large/083172.jpg,2kg,Woolworths
Good Bones Organic Bone Broth Chicken 500mL,$13.00,Meal Occasions,https://www.woolworths.com.au/shop/productdetails/870931/good-bones-organic-bone-broth-chicken,https://cdn1.woolworths.media/content/wowproductimages/large/870931.jpg,500ml,Good Bones
La Famiglia Garlic Bread Entertainer Slices 450g,$8.00,Meal Occasions,https://www.woolworths.com.au/shop/productdetails/294516/la-famiglia-garlic-bread-entertainer-slices,https://cdn1.woolworths.media/content/wowproductimages/large/294516.jpg,450g,La Famiglia
Woolworths Creamy Potato Salad 250g,$4.00,Meal Occasions,https://www.woolworths.com.au/shop/productdetails/546844/woolworths-creamy-potato-salad,https://cdn1.woolworths.media/content/wowproductimages/large/546844.jpg,250g,Woolworths
Woolworths Classic Coleslaw 110g,$3.00,Meal Occasions,https://www.woolworths.com.au/shop/productdetails/793406/woolworths-classic-coleslaw,https://cdn1.woolworths.media/content/wowproductimages/large/793406.jpg,110g,Woolworths
Dari's Chicken Noodle Soup 550g,$6.80,Meal Occasions,https://www.woolworths.com.au/shop/productdetails/181143/dari-s-chicken-noodle-soup,https://cdn1.woolworths.media/content/wowproductimages/large/181143.jpg,550g,Dari's
Dari's Hearty Chicken Soup 550g,$6.80,Meal Occasions,https://www.woolworths.com.au/shop/productdetails/180787/dari-s-hearty-chicken-soup,https://cdn1.woolworths.media/content/wowproductimages/large/180787.jpg,550g,Dari's
Salad Servers Roasted Vegetables With Couscous 250g,$5.50,Meal Occasions,https://www.woolworths.com.au/shop/productdetails/6040666/salad-servers-roasted-vegetables-with-couscous,https://cdn1.woolworths.media/content/wowproductimages/large/6040666.jpg,250g,Salad Servers
Dari's Chicken & Corn Soup 550g,$6.80,Meal Occasions,https://www.woolworths.com.au/shop/productdetails/181922/dari-s-chicken-corn-soup,https://cdn1.woolworths.media/content/wowproductimages/large/181922.jpg,550g,Dari's
Woolworths COOK Chicken Wing Nibbles Sweet Chilli Jam 1kg,$10.00,Meal Occasions,https://www.woolworths.com.au/shop/productdetails/429265/woolworths-cook-chicken-wing-nibbles-sweet-chilli-jam,https://cdn1.woolworths.media/content/wowproductimages/large/429265.jpg,1kg,Woolworths
Dari's Classic Pumpkin Soup 550g,$6.80,Meal Occasions,https://www.woolworths.com.au/shop/productdetails/210591/dari-s-classic-pumpkin-soup,https://cdn1.woolworths.media/content/wowproductimages/large/210591.jpg,550g,Dari's
Dari's Classic Vegetable Soup 550g,$6.80,Meal Occasions,https://www.woolworths.com.au/shop/productdetails/180711/dari-s-classic-vegetable-soup,https://cdn1.woolworths.media/content/wowproductimages/large/180711.jpg,550g,Dari's
Dari's Lentil Soup 550g,$6.80,Meal Occasions,https://www.woolworths.com.au/shop/productdetails/180479/dari-s-lentil-soup,https://cdn1.woolworths.media/content/wowproductimages/large/180479.jpg,550g,Dari's
Good Bones Organic Bone Broth Chicken 500mL,$13.00,Meal Occasions,https://www.woolworths.com.au/shop/productdetails/870931/good-bones-organic-bone-broth-chicken,https://cdn1.woolworths.media/content/wowproductimages/large/870931.jpg,500ml,Good Bones
Strength Meals Co Smoky Pea And Ham High Protein Soup 400g,$5.50,Meal Occasions,https://www.woolworths.com.au/shop/productdetails/155851/strength-meals-co-smoky-pea-and-ham-high-protein-soup,https://cdn1.woolworths.media/content/wowproductimages/large/155851.jpg,400g,Strength Meals Co
National Pies Fresh Little Classic Beef Pies 720g 12 pack,$11.00,Meal Occasions,https://www.woolworths.com.au/shop/productdetails/159384/national-pies-fresh-little-classic-beef-pies-720g,https://cdn1.woolworths.media/content/wowproductimages/large/159384.jpg,12,National Pies
Woolworths Greek Salad Kit With Greek Dressing 400g,$9.35,Meal Occasions,https://www.woolworths.com.au/shop/productdetails/294742/woolworths-greek-salad-kit-with-greek-dressing,https://cdn1.woolworths.media/content/wowproductimages/large/294742.jpg,400g,Woolworths
Salad Servers Lentil Salad With Extra Virgin Olive Oil & Lemon 600g,$10.00,Meal Occasions,https://www.woolworths.com.au/shop/productdetails/624285/salad-servers-lentil-salad-with-extra-virgin-olive-oil-lemon,https://cdn1.woolworths.media/content/wowproductimages/large/624285.jpg,600g,Salad Servers
Woolworths Cook Pork Loin Roast With Herbs & Spices 500g - 750g,$18.00,Meal Occasions,https://www.woolworths.com.au/shop/productdetails/83532/woolworths-cook-pork-loin-roast-with-herbs-spices,https://cdn1.woolworths.media/content/wowproductimages/large/083532.jpg,750g,Woolworths
Woolworths BBQ Boneless Thigh Fillets With Japanese Style Marinade 500g,$10.50,Meal Occasions,https://www.woolworths.com.au/shop/productdetails/213859/woolworths-bbq-boneless-thigh-fillets-with-japanese-style-marinade,https://cdn1.woolworths.media/content/wowproductimages/large/213859.jpg,500g,Woolworths
Dari's Chicken Noodle Soup 550g,$6.80,Meal Occasions,https://www.woolworths.com.au/shop/productdetails/181143/dari-s-chicken-noodle-soup,https://cdn1.woolworths.media/content/wowproductimages/large/181143.jpg,550g,Dari's
Dari's Hearty Chicken Soup 550g,$6.80,Meal Occasions,https://www.woolworths.com.au/shop/productdetails/180787/dari-s-hearty-chicken-soup,https://cdn1.woolworths.media/content/wowproductimages/large/180787.jpg,550g,Dari's
Dari's Malaysian Style Chicken Laksa Soup 550g,$7.95,Meal Occasions,https://www.woolworths.com.au/shop/productdetails/6019386/dari-s-malaysian-style-chicken-laksa-soup,https://cdn1.woolworths.media/content/wowproductimages/large/6019386.jpg,550g,Dari's
Picasso Kitchen BBQ Meat Lovers Pizza 600g,$10.00,Meal Occasions,https://www.woolworths.com.au/shop/productdetails/435697/picasso-kitchen-bbq-meat-lovers-pizza,https://cdn1.woolworths.media/content/wowproductimages/large/435697.jpg,600g,Picasso Kitchen
Dari's Chicken & Corn Soup 550g,$6.80,Meal Occasions,https://www.woolworths.com.au/shop/productdetails/181922/dari-s-chicken-corn-soup,https://cdn1.woolworths.media/content/wowproductimages/large/181922.jpg,550g,Dari's
Dari's Classic Pumpkin Soup 550g,$6.80,Meal Occasions,https://www.woolworths.com.au/shop/productdetails/210591/dari-s-classic-pumpkin-soup,https://cdn1.woolworths.media/content/wowproductimages/large/210591.jpg,550g,Dari's
Woolworths COOK Slow Cooked Meatballs In Rich Tomato Sauce 800g,$13.00,Meal Occasions,https://www.woolworths.com.au/shop/productdetails/465188/woolworths-cook-slow-cooked-meatballs-in-rich-tomato-sauce,https://cdn1.woolworths.media/content/wowproductimages/large/465188.jpg,800g,Woolworths
Picasso Kitchen Supreme Pizza 600g,$10.00,Meal Occasions,https://www.woolworths.com.au/shop/productdetails/435644/picasso-kitchen-supreme-pizza,https://cdn1.woolworths.media/content/wowproductimages/large/435644.jpg,600g,Picasso Kitchen
Dari's Classic Vegetable Soup 550g,$6.80,Meal Occasions,https://www.woolworths.com.au/shop/productdetails/180711/dari-s-classic-vegetable-soup,https://cdn1.woolworths.media/content/wowproductimages/large/180711.jpg,550g,Dari's
Dari's Lentil Soup 550g,$6.80,Meal Occasions,https://www.woolworths.com.au/shop/productdetails/180479/dari-s-lentil-soup,https://cdn1.woolworths.media/content/wowproductimages/large/180479.jpg,550g,Dari's
Good Bones Organic Bone Broth Chicken 500mL,$13.00,Meal Occasions,https://www.woolworths.com.au/shop/productdetails/870931/good-bones-organic-bone-broth-chicken,https://cdn1.woolworths.media/content/wowproductimages/large/870931.jpg,500ml,Good Bones
Ready Chef Spinach & Fetta Quiche 200g,$4.75,Meal Occasions,https://www.woolworths.com.au/shop/productdetails/620087/ready-chef-spinach-fetta-quiche,https://cdn1.woolworths.media/content/wowproductimages/large/620087.jpg,200g,Ready Chef
Fast Fuel Meals Chicken Laksa 350g,$4.00,Meal Occasions,https://www.woolworths.com.au/shop/productdetails/278198/fast-fuel-meals-chicken-laksa,https://cdn1.woolworths.media/content/wowproductimages/large/278198.jpg,350g,Fast Fuel
Supreme Foods Roti Bread Canai 500g x 4 pack,$7.60,Meal Occasions,https://www.woolworths.com.au/shop/productdetails/104352/supreme-foods-roti-bread-canai-null,https://cdn1.woolworths.media/content/wowproductimages/large/104352.jpg,4x500g,Supreme Foods
Strength Meals Co Spiced Pumpkin & Lentil High Protein Soup 400g,$5.50,Meal Occasions,https://www.woolworths.com.au/shop/productdetails/155458/strength-meals-co-spiced-pumpkin-lentil-high-protein-soup,https://cdn1.woolworths.media/content/wowproductimages/large/155458.jpg,400g,Strength Meals Co
Della Rosa BBQ Meat Feast Pizza 470g,$4.95,Meal Occasions,https://www.woolworths.com.au/shop/productdetails/6029875/della-rosa-bbq-meat-feast-pizza,https://cdn1.woolworths.media/content/wowproductimages/large/6029875.jpg,470g,Della Rosa
Dari's Chicken Noodle Soup 550g,$6.80,Meal Occasions,https://www.woolworths.com.au/shop/productdetails/181143/dari-s-chicken-noodle-soup,https://cdn1.woolworths.media/content/wowproductimages/large/181143.jpg,550g,Dari's
Dari's Hearty Chicken Soup 550g,$6.80,Meal Occasions,https://www.woolworths.com.au/shop/productdetails/180787/dari-s-hearty-chicken-soup,https://cdn1.woolworths.media/content/wowproductimages/large/180787.jpg,550g,Dari's
Macro Veggie Burger Patties 440g,$8.00,Meal Occasions,https://www.woolworths.com.au/shop/productdetails/532551/macro-veggie-burger-patties,https://cdn1.woolworths.media/content/wowproductimages/large/532551.jpg,440g,Macro
Leggo's Fresh Bolognese Sauce 250g,$5.20,Meal Occasions,https://www.woolworths.com.au/shop/productdetails/618610/leggo-s-fresh-bolognese-sauce,https://cdn1.woolworths.media/content/wowproductimages/large/618610.jpg,250g,Leggo's
Woolworths Cook Pork Medallions Garlic & Herb Stuffing 300g,$9.00,Meal Occasions,https://www.woolworths.com.au/shop/productdetails/83537/woolworths-cook-pork-medallions-garlic-herb-stuffing,https://cdn1.woolworths.media/content/wowproductimages/large/083537.jpg,300g,Woolworths
Dari's Chicken & Corn Soup 550g,$6.80,Meal Occasions,https://www.woolworths.com.au/shop/productdetails/181922/dari-s-chicken-corn-soup,https://cdn1.woolworths.media/content/wowproductimages/large/181922.jpg,550g,Dari's
Dari's Classic Pumpkin Soup 550g,$6.80,Meal Occasions,https://www.woolworths.com.au/shop/productdetails/210591/dari-s-classic-pumpkin-soup,https://cdn1.woolworths.media/content/wowproductimages/large/210591.jpg,550g,Dari's
Impossible Plant Based Beef Burger 227g,$6.65,Meal Occasions,https://www.woolworths.com.au/shop/productdetails/198284/impossible-plant-based-beef-burger,https://cdn1.woolworths.media/content/wowproductimages/large/198284.jpg,227g,Impossible
Picasso Kitchen Pizza Thin & Crispy BBQ Chicken & Bacon 400g,$6.50,Meal Occasions,https://www.woolworths.com.au/shop/productdetails/89944/picasso-kitchen-pizza-thin-crispy-bbq-chicken-bacon,https://cdn1.woolworths.media/content/wowproductimages/large/089944.jpg,400g,Picasso Kitchen
Leggo's Agnolotti With Spinach Ricotta & Parmesan 360g,$8.00,Meal Occasions,https://www.woolworths.com.au/shop/productdetails/958720/leggo-s-agnolotti-with-spinach-ricotta-parmesan,https://cdn1.woolworths.media/content/wowproductimages/large/958720.jpg,360g,Leggo's
Rana Porcini Mushroom Ravioli Pasta 325g,$8.00,Meal Occasions,https://www.woolworths.com.au/shop/productdetails/810868/rana-porcini-mushroom-ravioli-pasta,https://cdn1.woolworths.media/content/wowproductimages/large/810868.jpg,325g,Rana
Veef Plant Based Classic Sausages 300g,$5.95,Meal Occasions,https://www.woolworths.com.au/shop/productdetails/925737/veef-plant-based-classic-sausages,https://cdn1.woolworths.media/content/wowproductimages/large/925737.jpg,300g,Veef
Dari's Classic Vegetable Soup 550g,$6.80,Meal Occasions,https://www.woolworths.com.au/shop/productdetails/180711/dari-s-classic-vegetable-soup,https://cdn1.woolworths.media/content/wowproductimages/large/180711.jpg,550g,Dari's
Dari's Lentil Soup 550g,$6.80,Meal Occasions,https://www.woolworths.com.au/shop/productdetails/180479/dari-s-lentil-soup,https://cdn1.woolworths.media/content/wowproductimages/large/180479.jpg,550g,Dari's
Woolworths Macaroni & Cheese Chilled Meal 1.1kg,$13.00,Meal Occasions,https://www.woolworths.com.au/shop/productdetails/161980/woolworths-macaroni-cheese-chilled-meal,https://cdn1.woolworths.media/content/wowproductimages/large/161980.jpg,1.1kg,Woolworths
Good Bones Organic Bone Broth Chicken 500mL,$13.00,Meal Occasions,https://www.woolworths.com.au/shop/productdetails/870931/good-bones-organic-bone-broth-chicken,https://cdn1.woolworths.media/content/wowproductimages/large/870931.jpg,500ml,Good Bones
Macro Zucchini & Corn Fritters 6 pack,$6.75,Meal Occasions,https://www.woolworths.com.au/shop/productdetails/893471/macro-zucchini-corn-fritters,https://cdn1.woolworths.media/content/wowproductimages/large/893471.jpg,6,Macro
Picasso Kitchen Pizza Thin & Crispy Pepperoni 360g,$6.50,Meal Occasions,https://www.woolworths.com.au/shop/productdetails/100571/picasso-kitchen-pizza-thin-crispy-pepperoni,https://cdn1.woolworths.media/content/wowproductimages/large/100571.jpg,360g,Picasso Kitchen
Woolworths Spaghetti Bolognese Bolognese Chilled Meal 1.1kg,$13.00,Meal Occasions,https://www.woolworths.com.au/shop/productdetails/652060/woolworths-spaghetti-bolognese-bolognese-chilled-meal,https://cdn1.woolworths.media/content/wowproductimages/large/652060.jpg,1.1kg,Woolworths
Babushka's Kefir Mango 750g,$6.40,Meal Occasions,https://www.woolworths.com.au/shop/productdetails/938823/babushka-s-kefir-mango,https://cdn1.woolworths.media/content/wowproductimages/large/938823.jpg,750g,Babushka's
Casa Della Lucia's Beef Ravioli 630g,$10.50,Meal Occasions,https://www.woolworths.com.au/shop/productdetails/6025978/casa-della-lucia-s-beef-ravioli,https://cdn1.woolworths.media/content/wowproductimages/large/6025978.jpg,630g,Casa Della
Rana Pan Fry Filled Gnocchi Garlic & Mozzarella 280g,$6.00,Meal Occasions,https://www.woolworths.com.au/shop/productdetails/943269/rana-pan-fry-filled-gnocchi-garlic-mozzarella,https://cdn1.woolworths.media/content/wowproductimages/large/943269.jpg,280g,Rana
Creamy Pumpkin Soup 550g,$5.00,Meal Occasions,https://www.woolworths.com.au/shop/productdetails/6021320/tk-creamy-pumpkin-soup,https://cdn1.woolworths.media/content/wowproductimages/large/6021320.jpg,550g,TK
Dari's Chicken Noodle Soup 550g,$6.80,Meal Occasions,https://www.woolworths.com.au/shop/productdetails/181143/dari-s-chicken-noodle-soup,https://cdn1.woolworths.media/content/wowproductimages/large/181143.jpg,550g,Dari's
Dari's Hearty Chicken Soup 550g,$6.80,Meal Occasions,https://www.woolworths.com.au/shop/productdetails/180787/dari-s-hearty-chicken-soup,https://cdn1.woolworths.media/content/wowproductimages/large/180787.jpg,550g,Dari's
Plantitude Chicken Free Crumbed Schnitzels 300g,$6.50,Meal Occasions,https://www.woolworths.com.au/shop/productdetails/92236/plantitude-chicken-free-crumbed-schnitzels,https://cdn1.woolworths.media/content/wowproductimages/large/092236.jpg,300g,Plantitude
Wildly Good Original Veggie Burgers 2 pack,$6.50,Meal Occasions,https://www.woolworths.com.au/shop/productdetails/392361/wildly-good-original-veggie-burgers,https://cdn1.woolworths.media/content/wowproductimages/large/392361.jpg,2,Wildly Good
Woolworths Classic Butter Chicken Chilled Meal 400g,$8.90,Meal Occasions,https://www.woolworths.com.au/shop/productdetails/127095/woolworths-classic-butter-chicken-chilled-meal,https://cdn1.woolworths.media/content/wowproductimages/large/127095.jpg,400g,Woolworths
Dari's Chicken & Corn Soup 550g,$6.80,Meal Occasions,https://www.woolworths.com.au/shop/productdetails/181922/dari-s-chicken-corn-soup,https://cdn1.woolworths.media/content/wowproductimages/large/181922.jpg,550g,Dari's
Dari's Classic Pumpkin Soup 550g,$6.80,Meal Occasions,https://www.woolworths.com.au/shop/productdetails/210591/dari-s-classic-pumpkin-soup,https://cdn1.woolworths.media/content/wowproductimages/large/210591.jpg,550g,Dari's
Woolworths Zucchini & Bacon Slice 700g,$14.00,Meal Occasions,https://www.woolworths.com.au/shop/productdetails/254072/woolworths-zucchini-bacon-slice,https://cdn1.woolworths.media/content/wowproductimages/large/254072.jpg,700g,Woolworths
Latina Fresh Gluten Free Ricotta & Spinach Ravioli Pasta 280g,$8.75,Meal Occasions,https://www.woolworths.com.au/shop/productdetails/845773/latina-fresh-gluten-free-ricotta-spinach-ravioli-pasta,https://cdn1.woolworths.media/content/wowproductimages/large/845773.jpg,280g,Latina Fresh
Fast Fuel Meals Chicken Corn Soup 350g,$4.00,Meal Occasions,https://www.woolworths.com.au/shop/productdetails/277762/fast-fuel-meals-chicken-corn-soup,https://cdn1.woolworths.media/content/wowproductimages/large/277762.jpg,350g,Fast Fuel
Dari's Classic Vegetable Soup 550g,$6.80,Meal Occasions,https://www.woolworths.com.au/shop/productdetails/180711/dari-s-classic-vegetable-soup,https://cdn1.woolworths.media/content/wowproductimages/large/180711.jpg,550g,Dari's
Dari's Lentil Soup 550g,$6.80,Meal Occasions,https://www.woolworths.com.au/shop/productdetails/180479/dari-s-lentil-soup,https://cdn1.woolworths.media/content/wowproductimages/large/180479.jpg,550g,Dari's
Global Bakehouse Sourdough Garlic Bread 225g,$3.00,Meal Occasions,https://www.woolworths.com.au/shop/productdetails/883953/global-bakehouse-sourdough-garlic-bread,https://cdn1.woolworths.media/content/wowproductimages/large/883953.jpg,225g,Global Bakehouse
Latina Fresh Veal Tortellini Pasta 375mL,$8.00,Meal Occasions,https://www.woolworths.com.au/shop/productdetails/10638/latina-fresh-veal-tortellini-pasta,https://cdn1.woolworths.media/content/wowproductimages/large/010638.jpg,375ml,Latina Fresh
Good Bones Organic Bone Broth Chicken 500mL,$13.00,Meal Occasions,https://www.woolworths.com.au/shop/productdetails/870931/good-bones-organic-bone-broth-chicken,https://cdn1.woolworths.media/content/wowproductimages/large/870931.jpg,500ml,Good Bones
Woolworths Quiche Lorraine 2 pack,$9.00,Meal Occasions,https://www.woolworths.com.au/shop/productdetails/466234/woolworths-quiche-lorraine,https://cdn1.woolworths.media/content/wowproductimages/large/466234.jpg,2,Woolworths
Della Rosa Pepperoni Pizza 420g,$4.95,Meal Occasions,https://www.woolworths.com.au/shop/productdetails/6029704/della-rosa-pepperoni-pizza,https://cdn1.woolworths.media/content/wowproductimages/large/6029704.jpg,420g,Della Rosa
Woolworths Curried Sausages 800g,$13.00,Meal Occasions,https://www.woolworths.com.au/shop/productdetails/306330/woolworths-curried-sausages,https://cdn1.woolworths.media/content/wowproductimages/large/306330.jpg,800g,Woolworths
Dari's Chicken Noodle Soup 550g,$6.80,Meal Occasions,https://www.woolworths.com.au/shop/productdetails/181143/dari-s-chicken-noodle-soup,https://cdn1.woolworths.media/content/wowproductimages/large/181143.jpg,550g,Dari's
Dari's Hearty Chicken Soup 550g,$6.80,Meal Occasions,https://www.woolworths.com.au/shop/productdetails/180787/dari-s-hearty-chicken-soup,https://cdn1.woolworths.media/content/wowproductimages/large/180787.jpg,550g,Dari's
Olina's Bakehouse Mini Cookies Salted Toffee 120g,$5.00,Meal Occasions,https://www.woolworths.com.au/shop/productdetails/6006200/olina-s-bakehouse-mini-cookies-salted-toffee,https://cdn1.woolworths.media/content/wowproductimages/large/6006200.jpg,120g,Olina's Bakehouse
Woolworths Creamy Pasta Salad 110g,$3.00,Meal Occasions,https://www.woolworths.com.au/shop/productdetails/793415/woolworths-creamy-pasta-salad,https://cdn1.woolworths.media/content/wowproductimages/large/793415.jpg,110g,Woolworths
Dari's Chicken & Corn Soup 550g,$6.80,Meal Occasions,https://www.woolworths.com.au/shop/productdetails/181922/dari-s-chicken-corn-soup,https://cdn1.woolworths.media/content/wowproductimages/large/181922.jpg,550g,Dari's
Perfect Italiano Light Ricotta 500g,$7.00,Meal Occasions,https://www.woolworths.com.au/shop/productdetails/859818/perfect-italiano-light-ricotta,https://cdn1.woolworths.media/content/wowproductimages/large/859818.jpg,500g,Perfect Italiano
Dari's Classic Pumpkin Soup 550g,$6.80,Meal Occasions,https://www.woolworths.com.au/shop/productdetails/210591/dari-s-classic-pumpkin-soup,https://cdn1.woolworths.media/content/wowproductimages/large/210591.jpg,550g,Dari's
Picasso Kitchen Pizza Thin & Crispy BBQ Meat Deluxe 415g,$6.50,Meal Occasions,https://www.woolworths.com.au/shop/productdetails/88898/picasso-kitchen-pizza-thin-crispy-bbq-meat-deluxe,https://cdn1.woolworths.media/content/wowproductimages/large/088898.jpg,415g,Picasso Kitchen
Salad Servers Green Goddess Salad 600g,,Meal Occasions,https://www.woolworths.com.au/shop/productdetails/972434/salad-servers-green-goddess-salad,https://cdn1.woolworths.media/content/wowproductimages/large/972434.jpg,600g,Salad Servers
Dari's Classic Vegetable Soup 550g,$6.80,Meal Occasions,https://www.woolworths.com.au/shop/productdetails/180711/dari-s-classic-vegetable-soup,https://cdn1.woolworths.media/content/wowproductimages/large/180711.jpg,550g,Dari's
Dari's Lentil Soup 550g,$6.80,Meal Occasions,https://www.woolworths.com.au/shop/productdetails/180479/dari-s-lentil-soup,https://cdn1.woolworths.media/content/wowproductimages/large/180479.jpg,550g,Dari's
Dari's Asian Style Chicken Soup 550g,$7.95,Meal Occasions,https://www.woolworths.com.au/shop/productdetails/6019228/dari-s-asian-style-chicken-soup,https://cdn1.woolworths.media/content/wowproductimages/large/6019228.jpg,550g,Dari's
Good Bones Organic Bone Broth Chicken 500mL,$13.00,Meal Occasions,https://www.woolworths.com.au/shop/productdetails/870931/good-bones-organic-bone-broth-chicken,https://cdn1.woolworths.media/content/wowproductimages/large/870931.jpg,500ml,Good Bones
M&M's Minis Cookies 180g,,Meal Occasions,https://www.woolworths.com.au/shop/productdetails/6007217/m-m-s-minis-cookies,https://cdn1.woolworths.media/content/wowproductimages/large/6007217.jpg,180g,M&M's
Plantitude Chicken Free Crumbed Tenders 300g,$6.50,Meal Occasions,https://www.woolworths.com.au/shop/productdetails/92235/plantitude-chicken-free-crumbed-tenders-chicken-free-crumbed-tenders,https://cdn1.woolworths.media/content/wowproductimages/large/092235.jpg,300g,Plantitude
Casa Della Veal Tortellini Pasta 630g,,Meal Occasions,https://www.woolworths.com.au/shop/productdetails/6022634/casa-della-veal-tortellini-pasta,https://cdn1.woolworths.media/content/wowproductimages/large/6022634.jpg,630g,Casa Della
National Pies Fresh Little Sausage Rolls 12 pack,$11.00,Meal Occasions,https://www.woolworths.com.au/shop/productdetails/159251/national-pies-fresh-little-sausage-rolls-party-chilled-meal,https://cdn1.woolworths.media/content/wowproductimages/large/159251.jpg,12,National Pies
Dari's Chicken Noodle Soup 550g,$6.80,Meal Occasions,https://www.woolworths.com.au/shop/productdetails/181143/dari-s-chicken-noodle-soup,https://cdn1.woolworths.media/content/wowproductimages/large/181143.jpg,550g,Dari's
Dari's Hearty Chicken Soup 550g,$6.80,Meal Occasions,https://www.woolworths.com.au/shop/productdetails/180787/dari-s-hearty-chicken-soup,https://cdn1.woolworths.media/content/wowproductimages/large/180787.jpg,550g,Dari's
Puregg Free Range Liquid Egg White 500g,,Meal Occasions,https://www.woolworths.com.au/shop/productdetails/54278/puregg-free-range-liquid-egg-white,https://cdn1.woolworths.media/content/wowproductimages/large/054278.jpg,500g,Puregg
Woolworths COOK Beef Ribs In Sweet & Smoky BBQ Sauce 850g,$23.00,Meal Occasions,https://www.woolworths.com.au/shop/productdetails/820782/woolworths-cook-beef-ribs-in-sweet-smoky-bbq-sauce,https://cdn1.woolworths.media/content/wowproductimages/large/820782.jpg,850g,Woolworths
Salad Servers Jewelled Saffron Rice 600g,$10.00,Meal Occasions,https://www.woolworths.com.au/shop/productdetails/659998/salad-servers-jewelled-saffron-rice,https://cdn1.woolworths.media/content/wowproductimages/large/659998.jpg,600g,Salad Servers
Sunny Queen The Odd Eggs Free Range Egg Mix 500g,$6.50,Meal Occasions,https://www.woolworths.com.au/shop/productdetails/911496/sunny-queen-the-odd-eggs-free-range-egg-mix,https://cdn1.woolworths.media/content/wowproductimages/large/911496.jpg,500g,Sunny Queen
Wildly Good Smoky Cauliflower Burgers 2 pack,$6.50,Meal Occasions,https://www.woolworths.com.au/shop/productdetails/391871/wildly-good-smoky-cauliflower-burgers,https://cdn1.woolworths.media/content/wowproductimages/large/391871.jpg,2,Wildly Good
Dari's Chicken & Corn Soup 550g,$6.80,Meal Occasions,https://www.woolworths.com.au/shop/productdetails/181922/dari-s-chicken-corn-soup,https://cdn1.woolworths.media/content/wowproductimages/large/181922.jpg,550g,Dari's
Woolworths Chicken & Vegetable Pie 700g,$15.50,Meal Occasions,https://www.woolworths.com.au/shop/productdetails/254076/woolworths-chicken-vegetable-pie,https://cdn1.woolworths.media/content/wowproductimages/large/254076.jpg,700g,Woolworths
Dari's Classic Pumpkin Soup 550g,$6.80,Meal Occasions,https://www.woolworths.com.au/shop/productdetails/210591/dari-s-classic-pumpkin-soup,https://cdn1.woolworths.media/content/wowproductimages/large/210591.jpg,550g,Dari's
Leggo's Fresh Three Cheese & Pepper Ravioli 630g,$11.00,Meal Occasions,https://www.woolworths.com.au/shop/productdetails/6026063/leggo-s-fresh-three-cheese-pepper-ravioli,https://cdn1.woolworths.media/content/wowproductimages/large/6026063.jpg,630g,Leggo's
Woolworths Potato Egg & Bacon Salad 750g,,Meal Occasions,https://www.woolworths.com.au/shop/productdetails/294601/woolworths-potato-egg-bacon-salad,https://cdn1.woolworths.media/content/wowproductimages/large/294601.jpg,750g,Woolworths
Plantitude Pastrami Plant Based Slices 90g,$4.50,Meal Occasions,https://www.woolworths.com.au/shop/productdetails/164030/plantitude-pastrami-plant-based-slices-vegan,https://cdn1.woolworths.media/content/wowproductimages/large/164030.jpg,90g,Plantitude
Dari's Classic Vegetable Soup 550g,$6.80,Meal Occasions,https://www.woolworths.com.au/shop/productdetails/180711/dari-s-classic-vegetable-soup,https://cdn1.woolworths.media/content/wowproductimages/large/180711.jpg,550g,Dari's
Dari's Lentil Soup 550g,$6.80,Meal Occasions,https://www.woolworths.com.au/shop/productdetails/180479/dari-s-lentil-soup,https://cdn1.woolworths.media/content/wowproductimages/large/180479.jpg,550g,Dari's
Woolworths Chunky Beef & Vegetable Pie 700g,$15.50,Meal Occasions,https://www.woolworths.com.au/shop/productdetails/254078/woolworths-chunky-beef-vegetable-pie,https://cdn1.woolworths.media/content/wowproductimages/large/254078.jpg,700g,Woolworths
Good Bones Organic Bone Broth Chicken 500mL,$13.00,Meal Occasions,https://www.woolworths.com.au/shop/productdetails/870931/good-bones-organic-bone-broth-chicken,https://cdn1.woolworths.media/content/wowproductimages/large/870931.jpg,500ml,Good Bones
Fast Fuel Air Fry Chicken Parmigiana 470g,$14.00,Meal Occasions,https://www.woolworths.com.au/shop/productdetails/6018092/fast-fuel-air-fry-chicken-parmigiana,https://cdn1.woolworths.media/content/wowproductimages/large/6018092.jpg,470g,Fast Fuel
Cadbury Caramilk Mousse 80g x 2 pack,$4.80,Meal Occasions,https://www.woolworths.com.au/shop/productdetails/918715/cadbury-caramilk-mousse,https://cdn1.woolworths.media/content/wowproductimages/large/918715.jpg,2x80g,Cadbury
Local Kitchen Layered Tabbouleh Salad Kit 290g,$6.50,Meal Occasions,https://www.woolworths.com.au/shop/productdetails/6020978/local-kitchen-layered-tabbouleh-salad-kit,https://cdn1.woolworths.media/content/wowproductimages/large/6020978.jpg,290g,Local Kitchen
Meliora Plant Based Salami Style Slices 150g,$7.50,Meal Occasions,https://www.woolworths.com.au/shop/productdetails/6000391/meliora-plant-based-salami-style-slices,https://cdn1.woolworths.media/content/wowproductimages/large/6000391.jpg,150g,Meliora
Woolworths Cook Butterflied Lamb Leg With Honey & Rosemary 400g - 900g,,Meal Occasions,https://www.woolworths.com.au/shop/productdetails/699933/woolworths-cook-butterflied-lamb-leg-with-honey-rosemary,https://cdn1.woolworths.media/content/wowproductimages/large/699933.jpg,900g,Woolworths
Rana Basil & Pine Nuts Tortellini Pasta 325g,$8.00,Meal Occasions,https://www.woolworths.com.au/shop/productdetails/28325/rana-basil-pine-nuts-tortellini-pasta,https://cdn1.woolworths.media/content/wowproductimages/large/028325.jpg,325g,Rana
Woolworths Butter Chicken 800g,$12.00,Meal Occasions,https://www.woolworths.com.au/shop/productdetails/211612/woolworths-butter-chicken,https://cdn1.woolworths.media/content/wowproductimages/large/211612.jpg,800g,Woolworths
Woolworths Ricotta & Spinach Cannelloni Chilled Meal 700g,$15.00,Meal Occasions,https://www.woolworths.com.au/shop/productdetails/827226/woolworths-ricotta-spinach-cannelloni-chilled-meal,https://cdn1.woolworths.media/content/wowproductimages/large/827226.jpg,700g,Woolworths
