title,price,size,productUrl,imageUrl,category,brand
Alula Advance+ Stage 1 Newborn Infant Formula 0-6 Months,$44.00,800g,https://www.igashop.com.au/product/647080,"https://cdn.metcash.media/image/upload/w_1500,h_1500,c_pad,b_auto/igashop/images/647080.jpg",Birth to 6 Months,Alula
Alula Advance+ Stage 2 Follow-On Formula 6-12 Months,$44.00,800g,https://www.igashop.com.au/product/647103,"https://cdn.metcash.media/image/upload/w_1500,h_1500,c_pad,b_auto/igashop/images/647103.jpg",6-12 Months,Alula
Alula Gold Reflux Infant Formula 0-12 Months,$32.00,900g,https://www.igashop.com.au/product/160000018228,"https://cdn.metcash.media/image/upload/w_1500,h_1500,c_pad,b_auto/igashop/images/160000018228.jpg",6-12 Months,Alula
Alula Gold Soy Infant Formula 0-12 Months,$29.00,900g,https://www.igashop.com.au/product/933575,"https://cdn.metcash.media/image/upload/w_1500,h_1500,c_pad,b_auto/igashop/images/933575.jpg",6-12 Months,Alula
Alula S-26 Gold Lactose Intolerance Infant Formula 0-12 Months,$28.80,900g,https://www.igashop.com.au/product/150000007693,"https://cdn.metcash.media/image/upload/w_1500,h_1500,c_pad,b_auto/igashop/images/150000007693.jpg",6-12 Months,Alula
Alula S-26 Gold Stage 2 Follow-On Formula 6-12 Months,$28.50,900g,https://www.igashop.com.au/product/170000004671,"https://cdn.metcash.media/image/upload/w_1500,h_1500,c_pad,b_auto/igashop/images/170000004671.jpg",6-12 Months,Alula
Alula S-26 Gold Stage 3 Toddler Milk Drink 1 Year+,$24.50,900g,https://www.igashop.com.au/product/170000004672,"https://cdn.metcash.media/image/upload/w_1500,h_1500,c_pad,b_auto/igashop/images/170000004672.jpg",12+ Months,Alula
Alula S-26 Gold Stage 4 Junior Milk Drink 2 Years+,$24.50,900g,https://www.igashop.com.au/product/170000004673,"https://cdn.metcash.media/image/upload/w_1500,h_1500,c_pad,b_auto/igashop/images/170000004673.jpg",12+ Months,Alula
Alula S-26 Original Stage 1 Newborn Infant Formula 0-6 Months,$20.00,900g,https://www.igashop.com.au/product/170000004674,"https://cdn.metcash.media/image/upload/w_1500,h_1500,c_pad,b_auto/igashop/images/170000004674.jpg",6-12 Months,Alula
Alula S-26 Original Stage 2 Follow-On Formula 6-12 Months,$20.00,900g,https://www.igashop.com.au/product/170000004675,"https://cdn.metcash.media/image/upload/w_1500,h_1500,c_pad,b_auto/igashop/images/170000004675.jpg",6-12 Months,Alula
Alula S-26 Original Stage 3 Toddler Milk Drink 1 Year+,$20.00,900g,https://www.igashop.com.au/product/170000004670,"https://cdn.metcash.media/image/upload/w_1500,h_1500,c_pad,b_auto/igashop/images/170000004670.jpg",12+ Months,Alula
Amolin Baby Nappy Rash Cream,$8.00,100g,https://www.igashop.com.au/product/53192,"https://cdn.metcash.media/image/upload/w_1500,h_1500,c_pad,b_auto/igashop/images/53192.jpg",Baby Wipes and Changing,Amolin
Annabel Karmel Meals Cottage Pie,$4.30,200g,https://www.igashop.com.au/product/431560,"https://cdn.metcash.media/image/upload/w_1500,h_1500,c_pad,b_auto/igashop/images/431560.jpg",12+ Months,Annabel Karmel
Aptamil Gold+ 1 Pronutra Biotik Baby Infant Formula From Birth to 6 Months,$30.00,900g,https://www.igashop.com.au/product/88715,"https://cdn.metcash.media/image/upload/w_1500,h_1500,c_pad,b_auto/igashop/images/88715.jpg",Birth to 6 Months,Aptamil
Aptamil Gold+ 2 Pronutra Biotik Baby Follow-On Formula From 6 to 12 Months,$30.00,900g,https://www.igashop.com.au/product/89198,"https://cdn.metcash.media/image/upload/w_1500,h_1500,c_pad,b_auto/igashop/images/89198.jpg",6-12 Months,Aptamil
Aptamil Gold+ 3 Pronutra Biotik Toddler Nutritional Supplement From 1 Year,$26.50,900g,https://www.igashop.com.au/product/89211,"https://cdn.metcash.media/image/upload/w_1500,h_1500,c_pad,b_auto/igashop/images/89211.jpg",12+ Months,Aptamil
Aptamil Gold+ 4 Pronutra Biotik Junior Nutritional Supplement From 2 Years,$26.50,900g,https://www.igashop.com.au/product/89203,"https://cdn.metcash.media/image/upload/w_1500,h_1500,c_pad,b_auto/igashop/images/89203.jpg",12+ Months,Aptamil
Aptamil Gold+ Colic & Constipation Baby Infant Formula From Birth to 12 Months 900 grams,$34.00,900g,https://www.igashop.com.au/product/170000000962,"https://cdn.metcash.media/image/upload/w_1500,h_1500,c_pad,b_auto/igashop/images/170000000962.jpg",Birth to 6 Months,Aptamil
Aptamil Reflux Gold Infant Formula 0-12 Months,$34.00,900g,https://www.igashop.com.au/product/844917,"https://cdn.metcash.media/image/upload/w_1500,h_1500,c_pad,b_auto/igashop/images/844917.jpg",6-12 Months,Aptamil
Baby Bellies Organic Carrot Puffs,$4.50,35g,https://www.igashop.com.au/product/604317,"https://cdn.metcash.media/image/upload/w_1500,h_1500,c_pad,b_auto/igashop/images/604317.jpg",8+ Months,Baby Bellies
Baby Bellies Organic Puffs Blueberry,$1.95,12g,https://www.igashop.com.au/product/744337,"https://cdn.metcash.media/image/upload/w_1500,h_1500,c_pad,b_auto/igashop/images/744337.jpg",6+ Months,Baby Bellies
Baby Bellies Organic Puffs Carrot,$1.95,12g,https://www.igashop.com.au/product/743700,"https://cdn.metcash.media/image/upload/w_1500,h_1500,c_pad,b_auto/igashop/images/743700.jpg",6+ Months,Baby Bellies
Baby Bellies Organic Pumpkin & Carrot Softcorn,$1.95,8g,https://www.igashop.com.au/product/604359,"https://cdn.metcash.media/image/upload/w_1500,h_1500,c_pad,b_auto/igashop/images/604359.jpg",8+ Months,Baby Bellies
Baby Bellies Organic Softcorn Banana Sharebag,$4.50,30g,https://www.igashop.com.au/product/604341,"https://cdn.metcash.media/image/upload/w_1500,h_1500,c_pad,b_auto/igashop/images/604341.jpg",8+ Months,Baby Bellies
Baby Bellies Organic Softcorn Berry & Apple,$1.95,8g,https://www.igashop.com.au/product/746198,"https://cdn.metcash.media/image/upload/w_1500,h_1500,c_pad,b_auto/igashop/images/746198.jpg",8+ Months,Baby Bellies
Baby Bellies Organic Strawberry Pick Up Sticks,$3.15,16g,https://www.igashop.com.au/product/20000005854,"https://cdn.metcash.media/image/upload/w_1500,h_1500,c_pad,b_auto/igashop/images/20000005854.jpg",4+ Months,Baby Bellies
Baby Bellies Organic Sweet Potato Pick Up Sticks,$3.15,16g,https://www.igashop.com.au/product/20000005177,"https://cdn.metcash.media/image/upload/w_1500,h_1500,c_pad,b_auto/igashop/images/20000005177.jpg",6+ Months,Baby Bellies
Baby Mum-Mum Rice Rusk Vegetable,$4.50,36g,https://www.igashop.com.au/product/396448,"https://cdn.metcash.media/image/upload/w_1500,h_1500,c_pad,b_auto/igashop/images/396448.jpg",12+ Months,Baby Mum-Mum
Baby Mum-Mum Rice Rusks Banana,$4.50,36g,https://www.igashop.com.au/product/190000001971,"https://cdn.metcash.media/image/upload/w_1500,h_1500,c_pad,b_auto/igashop/images/190000001971.jpg",12+ Months,Baby Mum-Mum
Baby Mum-Mum Rice Rusks Blueberry & Carrot Flavour,$4.50,36g,https://www.igashop.com.au/product/20000004768,"https://cdn.metcash.media/image/upload/w_1500,h_1500,c_pad,b_auto/igashop/images/20000004768.jpg",12+ Months,Baby Mum-Mum
Baby Mum-Mum Snack Original Rice Rusk,$3.00,36g,https://www.igashop.com.au/product/408737,"https://cdn.metcash.media/image/upload/w_1500,h_1500,c_pad,b_auto/igashop/images/408737.jpg",8+ Months,Baby Mum-Mum
Baby U Disposable Change Mats,$7.50,10,https://www.igashop.com.au/product/781541,"https://cdn.metcash.media/image/upload/w_1500,h_1500,c_pad,b_auto/igashop/images/781541.jpg",Baby Wipes and Changing,Baby U
Baby U Narrow Neck Feeding Bottles,$6.70,3,https://www.igashop.com.au/product/736575,"https://cdn.metcash.media/image/upload/w_1500,h_1500,c_pad,b_auto/igashop/images/736575.jpg",Bottles and Baby Feeding,Baby U
Baby U Scented Nappy Bags,$5.50,200,https://www.igashop.com.au/product/951426,"https://cdn.metcash.media/image/upload/w_1500,h_1500,c_pad,b_auto/igashop/images/951426.jpg",Baby Wipes and Changing,Baby U
BabyBoo Baby Wipes Fragrance Free,$11.00,80,https://www.igashop.com.au/product/626259,,Baby Wipes and Changing,BabyBoo
BabyBoo Baby Wipes Lightly Scented,$1.89,80,https://www.igashop.com.au/product/764125,"https://cdn.metcash.media/image/upload/w_1500,h_1500,c_pad,b_auto/igashop/images/764125.jpg",Baby Wipes and Changing,BabyBoo
BabyBoo Crawler Nappies Size 3,$11.50,56,https://www.igashop.com.au/product/180000003413,"https://cdn.metcash.media/image/upload/w_1500,h_1500,c_pad,b_auto/igashop/images/180000003413.jpg",Nappies 3-6 Months (5-7kgs),BabyBoo
BabyBoo Nappy Bags,$3.20,200,https://www.igashop.com.au/product/642938,,Baby Wipes and Changing,BabyBoo
BabyBoo Nappy Junior Size 6,$11.50,40,https://www.igashop.com.au/product/180000002512,"https://cdn.metcash.media/image/upload/w_1500,h_1500,c_pad,b_auto/igashop/images/180000002512.jpg",Nappies 18 Months (10+kgs),BabyBoo
BabyBoo Nappy Pants Size 5,$10.00,23,https://www.igashop.com.au/product/180000002515,"https://cdn.metcash.media/image/upload/w_1500,h_1500,c_pad,b_auto/igashop/images/180000002515.jpg",Nappies 12-18 Months (9-12kgs),BabyBoo
BabyBoo Nappy Pants Size 6,$10.00,21,https://www.igashop.com.au/product/180000002516,"https://cdn.metcash.media/image/upload/w_1500,h_1500,c_pad,b_auto/igashop/images/180000002516.jpg",Nappies 18 Months (10+kgs),BabyBoo
BabyBoo Nappy Toddler Size 4,$11.50,50,https://www.igashop.com.au/product/180000002510,"https://cdn.metcash.media/image/upload/w_1500,h_1500,c_pad,b_auto/igashop/images/180000002510.jpg",Nappies 12-18 Months (9-12kgs),BabyBoo
BabyBoo Nappy Walker Size 5,$11.50,44,https://www.igashop.com.au/product/180000002511,"https://cdn.metcash.media/image/upload/w_1500,h_1500,c_pad,b_auto/igashop/images/180000002511.jpg",Nappies 12-18 Months (9-12kgs),BabyBoo
BabyBoo Unscented Baby Wipes,$1.89,80,https://www.igashop.com.au/product/764109,"https://cdn.metcash.media/image/upload/w_1500,h_1500,c_pad,b_auto/igashop/images/764109.jpg",Baby Wipes and Changing,BabyBoo
Babylove Baby Water Wipes,$11.00,100,https://www.igashop.com.au/product/982388,"https://cdn.metcash.media/image/upload/w_1500,h_1500,c_pad,b_auto/igashop/images/982388.jpg",Baby Wipes and Changing,Babylove
BabyLove Beyond Nappy Pants Size 5,$28.00,32,https://www.igashop.com.au/product/160000012788,"https://cdn.metcash.media/image/upload/w_1500,h_1500,c_pad,b_auto/igashop/images/160000012788.jpg",Nappies 18 Months (10+kgs),Babylove
BabyLove Beyond Nappy Pants Size 6 Junior For Boys & Girls,$28.00,26,https://www.igashop.com.au/product/160000012787,"https://cdn.metcash.media/image/upload/w_1500,h_1500,c_pad,b_auto/igashop/images/160000012787.jpg",Nappies 18 Months (10+kgs),Babylove
BabyLove Beyond Nappy Pants Toddler Size 4,$22.00,36,https://www.igashop.com.au/product/160000012789,"https://cdn.metcash.media/image/upload/w_1500,h_1500,c_pad,b_auto/igashop/images/160000012789.jpg",Nappies 18 Months (10+kgs),Babylove
BabyLove Cosifit Convenience Nappy Crawler,$11.00,22,https://www.igashop.com.au/product/902621,"https://cdn.metcash.media/image/upload/w_1500,h_1500,c_pad,b_auto/igashop/images/902621.jpg",Nappies 3-6 Months (5-7kgs),Babylove
BabyLove Cosifit Convenience Nappy Walker,$11.00,17,https://www.igashop.com.au/product/902249,"https://cdn.metcash.media/image/upload/w_1500,h_1500,c_pad,b_auto/igashop/images/902249.jpg",Nappies 12-18 Months (9-12kgs),Babylove
BabyLove Cosifit Nappies Infant,$11.00,24,https://www.igashop.com.au/product/902480,"https://cdn.metcash.media/image/upload/w_1500,h_1500,c_pad,b_auto/igashop/images/902480.jpg",Nappies 3-6 Months (5-7kgs),Babylove
BabyLove Cosifit Nappies Junior Size 6,$11.00,15,https://www.igashop.com.au/product/160000012797,"https://cdn.metcash.media/image/upload/w_1500,h_1500,c_pad,b_auto/igashop/images/160000012797.jpg",Nappies 18 Months (10+kgs),Babylove
BabyLove Cosifit Newborn Nappies,$11.00,28,https://www.igashop.com.au/product/902281,"https://cdn.metcash.media/image/upload/w_1500,h_1500,c_pad,b_auto/igashop/images/902281.jpg",Newborn Nappies 3-5kgs,Babylove
BabyLove Everyday Baby Wipes,$9.50,240,https://www.igashop.com.au/product/160000012793,"https://cdn.metcash.media/image/upload/w_1500,h_1500,c_pad,b_auto/igashop/images/160000012793.jpg",Baby Wipes and Changing,Babylove
BabyLove Everyday Baby Wipes,$3.50,80,https://www.igashop.com.au/product/160000012794,"https://cdn.metcash.media/image/upload/w_1500,h_1500,c_pad,b_auto/igashop/images/160000012794.jpg",Baby Wipes and Changing,Babylove
BabyLove Micellar Water Baby Wipes,$14.50,240,https://www.igashop.com.au/product/160000012795,"https://cdn.metcash.media/image/upload/w_1500,h_1500,c_pad,b_auto/igashop/images/160000012795.jpg",Baby Wipes and Changing,Babylove
BabyLove Micellar Water Baby Wipes,$5.40,80,https://www.igashop.com.au/product/160000012796,"https://cdn.metcash.media/image/upload/w_1500,h_1500,c_pad,b_auto/igashop/images/160000012796.jpg",Baby Wipes and Changing,Babylove
BabyLove Nappy Cosifit Toddler,$11.00,18,https://www.igashop.com.au/product/902642,"https://cdn.metcash.media/image/upload/w_1500,h_1500,c_pad,b_auto/igashop/images/902642.jpg",Newborn Nappies 3-5kgs,Babylove
BabyLove Nappy Pants Jumbo Junior,$24.00,42,https://www.igashop.com.au/product/475158,"https://cdn.metcash.media/image/upload/w_1500,h_1500,c_pad,b_auto/igashop/images/475158.jpg",Nappies 18 Months (10+kgs),Babylove
BabyLove Nappy Pants Jumbo Toddler,$24.00,56,https://www.igashop.com.au/product/483554,"https://cdn.metcash.media/image/upload/w_1500,h_1500,c_pad,b_auto/igashop/images/483554.jpg",Nappies 12-18 Months (9-12kgs),Babylove
BabyLove Nappy Pants Jumbo Walker,$24.00,50,https://www.igashop.com.au/product/475140,"https://cdn.metcash.media/image/upload/w_1500,h_1500,c_pad,b_auto/igashop/images/475140.jpg",Nappies 12-18 Months (9-12kgs),Babylove
BabyLove Nappy Pants Junior,$19.50,22,https://www.igashop.com.au/product/475174,"https://cdn.metcash.media/image/upload/w_1500,h_1500,c_pad,b_auto/igashop/images/475174.jpg",Nappies 18 Months (10+kgs),Babylove
BabyLove Nappy Pants Toddler,$19.50,28,https://www.igashop.com.au/product/373291,"https://cdn.metcash.media/image/upload/w_1500,h_1500,c_pad,b_auto/igashop/images/373291.jpg",Nappies 18 Months (10+kgs),Babylove
BabyLove Nappy Pants Walker,$19.50,25,https://www.igashop.com.au/product/373490,"https://cdn.metcash.media/image/upload/w_1500,h_1500,c_pad,b_auto/igashop/images/373490.jpg",Nappies 12-18 Months (9-12kgs),Babylove
BabyLove Sleepy Nights 4-7 Years Overnight Pants,$16.00,15,https://www.igashop.com.au/product/336477,"https://cdn.metcash.media/image/upload/w_1500,h_1500,c_pad,b_auto/igashop/images/336477.jpg",Nappies 18 Months (10+kgs),Babylove
BabyLove Sleepy Nights Overnight Pants,$11.00,9,https://www.igashop.com.au/product/335743,"https://cdn.metcash.media/image/upload/w_1500,h_1500,c_pad,b_auto/igashop/images/335743.jpg",Nappies 18 Months (10+kgs),Babylove
BabyLove Swim Pants Large,$12.00,9,https://www.igashop.com.au/product/966248,"https://cdn.metcash.media/image/upload/w_1500,h_1500,c_pad,b_auto/igashop/images/966248.jpg","Nappy Pants, Swimming & Nightime Nappies",Babylove
BabyLove Swim Pants Medium,$12.00,10,https://www.igashop.com.au/product/966222,"https://cdn.metcash.media/image/upload/w_1500,h_1500,c_pad,b_auto/igashop/images/966222.jpg","Nappy Pants, Swimming & Nightime Nappies",Babylove
BabyLove Swim Pants Small,$12.00,11,https://www.igashop.com.au/product/966175,"https://cdn.metcash.media/image/upload/w_1500,h_1500,c_pad,b_auto/igashop/images/966175.jpg","Nappy Pants, Swimming & Nightime Nappies",Babylove
BabyLove Water Baby Wipes,$2.25,20,https://www.igashop.com.au/product/975080,"https://cdn.metcash.media/image/upload/w_1500,h_1500,c_pad,b_auto/igashop/images/975080.jpg",Baby Wipes and Changing,Babylove
Bellamy's Organic Apple & Cinnamon Baby Porridge,$4.40,125g,https://www.igashop.com.au/product/396236,"https://cdn.metcash.media/image/upload/w_1500,h_1500,c_pad,b_auto/igashop/images/396236.jpg",6+ Months,Bellamy's Organic
Bellamy's Organic Apple Snacks,$3.95,6,https://www.igashop.com.au/product/968177,"https://cdn.metcash.media/image/upload/w_1500,h_1500,c_pad,b_auto/igashop/images/968177.jpg",6+ Months,Bellamy's Organic
Bellamy's Organic Baby Porridge,$4.40,125g,https://www.igashop.com.au/product/969429,"https://cdn.metcash.media/image/upload/w_1500,h_1500,c_pad,b_auto/igashop/images/969429.jpg",6+ Months,Bellamy's Organic
Bellamy's Organic Baby Rice With Prebiotic,$3.50,125g,https://www.igashop.com.au/product/968499,"https://cdn.metcash.media/image/upload/w_1500,h_1500,c_pad,b_auto/igashop/images/968499.jpg",6+ Months,Bellamy's Organic
Bellamy's Organic Banana Apple Porridge,$2.30,120g,https://www.igashop.com.au/product/20000005534,"https://cdn.metcash.media/image/upload/w_1500,h_1500,c_pad,b_auto/igashop/images/20000005534.jpg",4+ Months,Bellamy's Organic
Bellamy's Organic Step 1 Infant Formula 0-6 Months,$33.00,800g,https://www.igashop.com.au/product/180000006507,,Birth to 6 Months,Bellamy's Organic
Bellamy's Organic Step 2 Follow-On Formula,$36.00,900g,https://www.igashop.com.au/product/489916,"https://cdn.metcash.media/image/upload/w_1500,h_1500,c_pad,b_auto/igashop/images/489916.jpg",6-12 Months,Bellamy's Organic
Bellamy's Organic Step 2 Follow-On Formula 6-12 Months,$33.00,800g,https://www.igashop.com.au/product/180000006508,,6-12 Months,Bellamy's Organic
Bellamy's Organic Step 3 Toddler Milk Drink 12+ Months,$33.00,800g,https://www.igashop.com.au/product/180000006509,,12+ Months,Bellamy's Organic
Bellamy's Organic Vanilla & Pear Custard With Chia Seed,$2.30,120g,https://www.igashop.com.au/product/968716,"https://cdn.metcash.media/image/upload/w_1500,h_1500,c_pad,b_auto/igashop/images/968716.jpg",6+ Months,Bellamy's Organic
Bepanthen Antiseptic Soothing Cream,$17.50,100g,https://www.igashop.com.au/product/362499,"https://cdn.metcash.media/image/upload/w_1500,h_1500,c_pad,b_auto/igashop/images/362499.jpg",Baby Toiletries,Bepanthen
Bepanthen Nappy Rash Ointment,$15.50,100g,https://www.igashop.com.au/product/607438,"https://cdn.metcash.media/image/upload/w_1500,h_1500,c_pad,b_auto/igashop/images/607438.jpg",Antacid and Indigestion,Bepanthen
Bonds Baby Wonder Sock,$8.45,3,https://www.igashop.com.au/product/210299,"https://cdn.metcash.media/image/upload/w_1500,h_1500,c_pad,b_auto/igashop/images/210299.jpg",Baby Clothes,Bonds
Bonds Zippy Wondersuit Girl/Boy/Basic,$24.00,1,https://www.igashop.com.au/product/329195,,Baby Clothes,Bonds
Bubba Zoo Nappy Bags,$5.30,200,https://www.igashop.com.au/product/240312,"https://cdn.metcash.media/image/upload/w_1500,h_1500,c_pad,b_auto/igashop/images/240312.jpg",Baby Wipes and Changing,Bubba Zoo
Bubba Zoo Nappy Bags,$2.90,50,https://www.igashop.com.au/product/240320,"https://cdn.metcash.media/image/upload/w_1500,h_1500,c_pad,b_auto/igashop/images/240320.jpg",Baby Toiletries,Bubba Zoo
Bubs Goat Infant Formula S1,$42.00,800g,https://www.igashop.com.au/product/180000006518,"https://cdn.metcash.media/image/upload/w_1500,h_1500,c_pad,b_auto/igashop/images/180000006518.jpg",Birth to 6 Months,Bubs
Bubs Goat Toddler Milk Drink ,$42.00,800g,https://www.igashop.com.au/product/180000006520,"https://cdn.metcash.media/image/upload/w_1500,h_1500,c_pad,b_auto/igashop/images/180000006520.jpg",12+ Months,Bubs
Bubs Organic Grass Fed Follow On Formula S2,$35.00,800g,https://www.igashop.com.au/product/622962,,6-12 Months,Bubs Organic
Bubs Organic Grass Fed Infant Formula S1,$35.00,800g,https://www.igashop.com.au/product/622946,,Birth to 6 Months,Bubs Organic
Bubs Organic Grass Fed Toddler Milk S3,$34.00,800g,https://www.igashop.com.au/product/622970,,12+ Months,Bubs Organic
Childs Farm 3 in 1 Swim Strawberry & Organic Mint,$10.00,250ml,https://www.igashop.com.au/product/180000002292,,Baby Toiletries,Childs Farm
Closer to Nature Bottle & Teat Brush,$8.05,1,https://www.igashop.com.au/product/180000002289,,Bottles and Baby Feeding,Closer to Nature
Community Co Vanilla Yoghurt Kids Pouch,$0.75,70g,https://www.igashop.com.au/product/190000010634,"https://cdn.metcash.media/image/upload/w_1500,h_1500,c_pad,b_auto/igashop/images/190000010634.jpg",12+ Months,Community Co
Curash Baby Wipes Fragrance Free,$13.80,3,https://www.igashop.com.au/product/613905,"https://cdn.metcash.media/image/upload/w_1500,h_1500,c_pad,b_auto/igashop/images/613905.jpg",Baby Wipes and Changing,Curash
Curash Baby Wipes Fragrance Free,$4.40,80,https://www.igashop.com.au/product/941379,"https://cdn.metcash.media/image/upload/w_1500,h_1500,c_pad,b_auto/igashop/images/941379.jpg",Cleansers and Skin Care Wipes,Curash
Curash Baby Wipes Simply Water,$6.00,80,https://www.igashop.com.au/product/944720,"https://cdn.metcash.media/image/upload/w_1500,h_1500,c_pad,b_auto/igashop/images/944720.jpg",Baby Wipes and Changing,Curash
Curash Soap Free Baby Wipes,$4.40,80,https://www.igashop.com.au/product/892465,"https://cdn.metcash.media/image/upload/w_1500,h_1500,c_pad,b_auto/igashop/images/892465.jpg",Baby Wipes and Changing,Curash
Curash Water Wipes,$17.60,3,https://www.igashop.com.au/product/949275,"https://cdn.metcash.media/image/upload/w_1500,h_1500,c_pad,b_auto/igashop/images/949275.jpg",Baby Wipes and Changing,Curash
Farex Baby Breakfast To Go Creamy Baby Porridge,$1.70,120g,https://www.igashop.com.au/product/341477,"https://cdn.metcash.media/image/upload/w_1500,h_1500,c_pad,b_auto/igashop/images/341477.jpg",6+ Months,Farex
Farex Baby Breakfast To Go Rice Pear & Apricot,$2.00,120g,https://www.igashop.com.au/product/932,"https://cdn.metcash.media/image/upload/w_1500,h_1500,c_pad,b_auto/igashop/images/932.jpg",4+ Months,Farex
Farex Breakfast On The Go Apple & Oatmeal 6+ Months,$1.70,120g,https://www.igashop.com.au/product/341443,"https://cdn.metcash.media/image/upload/w_1500,h_1500,c_pad,b_auto/igashop/images/341443.jpg",6+ Months,Farex
GAIA Baby Bath Sleeptime Wash,$17.00,500ml,https://www.igashop.com.au/product/228535,"https://cdn.metcash.media/image/upload/w_1500,h_1500,c_pad,b_auto/igashop/images/228535.jpg",Baby Toiletries,Gaia
GAIA Baby Hair & Body Wash,$17.00,500ml,https://www.igashop.com.au/product/999377,"https://cdn.metcash.media/image/upload/w_1500,h_1500,c_pad,b_auto/igashop/images/999377.jpg",Baby Toiletries,Gaia
Gaia Natural Baby 2 In 1 Shampoo And Conditioner ,$17.00,500ml,https://www.igashop.com.au/product/180000006510,"https://cdn.metcash.media/image/upload/w_1500,h_1500,c_pad,b_auto/igashop/images/180000006510.jpg",Baby Toiletries,Gaia
GAIA Natural Baby Bamboo Baby Wipes,$11.00,3,https://www.igashop.com.au/product/180000001161,"https://cdn.metcash.media/image/upload/w_1500,h_1500,c_pad,b_auto/igashop/images/180000001161.jpg",Baby Wipes and Changing,Gaia
"Golden Circle Berry Buzz Apple, Blackcurrant, Blueberry & Raspberry Pouch",$1.50,120g,https://www.igashop.com.au/product/785333,"https://cdn.metcash.media/image/upload/w_1500,h_1500,c_pad,b_auto/igashop/images/785333.jpg",12+ Months,Golden Circle
"Golden Circle Pine Mango Mash Up Apple, Pineapple & Mango Pouch",$1.50,120g,https://www.igashop.com.au/product/785464,"https://cdn.metcash.media/image/upload/w_1500,h_1500,c_pad,b_auto/igashop/images/785464.jpg",12+ Months,Golden Circle
"Golden Circle Strawberry Squeeze Apple, Strawberry & Pear Pouch",$1.50,120g,https://www.igashop.com.au/product/785370,"https://cdn.metcash.media/image/upload/w_1500,h_1500,c_pad,b_auto/igashop/images/785370.jpg",12+ Months,Golden Circle
"Golden Circle Tropical Smash Apple, Pineapple & Bananan Pouch",$1.50,120g,https://www.igashop.com.au/product/785435,"https://cdn.metcash.media/image/upload/w_1500,h_1500,c_pad,b_auto/igashop/images/785435.jpg",12+ Months,Golden Circle
Heinz 6 Months Apple & Oatmeal,$1.60,170g,https://www.igashop.com.au/product/388136,"https://cdn.metcash.media/image/upload/w_1500,h_1500,c_pad,b_auto/igashop/images/388136.jpg",6+ Months,Heinz
Heinz 8 Months+ Mango & Vanilla Custard,$1.70,120g,https://www.igashop.com.au/product/343458,"https://cdn.metcash.media/image/upload/w_1500,h_1500,c_pad,b_auto/igashop/images/343458.jpg",8+ Months,Heinz
Heinz 8 Months+ Strawberry & Vanilla Custard,$1.70,120g,https://www.igashop.com.au/product/70047,"https://cdn.metcash.media/image/upload/w_1500,h_1500,c_pad,b_auto/igashop/images/70047.jpg",8+ Months,Heinz
Heinz Apple Baby Food Jar 4+ months,$1.20,110g,https://www.igashop.com.au/product/26488,"https://cdn.metcash.media/image/upload/w_1500,h_1500,c_pad,b_auto/igashop/images/26488.jpg",4+ Months,Heinz
"Heinz Apple, Strawberry & Passionfruit Baby Food Pouch 8+ months 120g",$1.70,120g,https://www.igashop.com.au/product/343466,"https://cdn.metcash.media/image/upload/w_1500,h_1500,c_pad,b_auto/igashop/images/343466.jpg",8+ Months,Heinz
Heinz Baby Basics Bottle Teat Brush,$8.00,1,https://www.igashop.com.au/product/208048,"https://cdn.metcash.media/image/upload/w_1500,h_1500,c_pad,b_auto/igashop/images/208048.jpg",Baby Health and Safety,Heinz
Heinz Baby Basics Weaning Spoons,$5.30,2,https://www.igashop.com.au/product/761871,"https://cdn.metcash.media/image/upload/w_1500,h_1500,c_pad,b_auto/igashop/images/761871.jpg",Bottles and Baby Feeding,Heinz
Heinz Baby First Feeding Spoons,$5.50,2,https://www.igashop.com.au/product/761889,"https://cdn.metcash.media/image/upload/w_1500,h_1500,c_pad,b_auto/igashop/images/761889.jpg",Bottles and Baby Feeding,Heinz
Heinz Banana Oats Smoothie With Greek Yoghurt,$1.70,120g,https://www.igashop.com.au/product/997516,"https://cdn.metcash.media/image/upload/w_1500,h_1500,c_pad,b_auto/igashop/images/997516.jpg",8+ Months,Heinz
Heinz Beef & Vegetable Casserole 8 Months,$1.60,170g,https://www.igashop.com.au/product/339373,"https://cdn.metcash.media/image/upload/w_1500,h_1500,c_pad,b_auto/igashop/images/339373.jpg",8+ Months,Heinz
Heinz Berry & Oats Smoothie With Greek Yoghurt,$1.70,120g,https://www.igashop.com.au/product/997367,"https://cdn.metcash.media/image/upload/w_1500,h_1500,c_pad,b_auto/igashop/images/997367.jpg",8+ Months,Heinz
Heinz Brekkie To Go Muesli Banana Mango and Yogurt,$1.80,150g,https://www.igashop.com.au/product/70788,"https://cdn.metcash.media/image/upload/w_1500,h_1500,c_pad,b_auto/igashop/images/70788.jpg",12+ Months,Heinz
Heinz Chicken Sweetcorn & Mango,$1.70,120g,https://www.igashop.com.au/product/70364,"https://cdn.metcash.media/image/upload/w_1500,h_1500,c_pad,b_auto/igashop/images/70364.jpg",6+ Months,Heinz
Heinz Cups Trainer With Handles,$10.00,1,https://www.igashop.com.au/product/298019,"https://cdn.metcash.media/image/upload/w_1500,h_1500,c_pad,b_auto/igashop/images/298019.jpg",Bottles and Baby Feeding,Heinz
Heinz Lamb Pumpkin & Sweet Potato Baby Food Jar 6+ Months,$1.60,170g,https://www.igashop.com.au/product/341134,"https://cdn.metcash.media/image/upload/w_1500,h_1500,c_pad,b_auto/igashop/images/341134.jpg",6+ Months,Heinz
Heinz Little Kids Chocolate Custard Pouch 1-3 years,$1.70,120g,https://www.igashop.com.au/product/170000000868,"https://cdn.metcash.media/image/upload/w_1500,h_1500,c_pad,b_auto/igashop/images/170000000868.jpg",12+ Months,Heinz
Heinz Little Kids Vanilla Custard Pouch 1-3 years,$1.70,120g,https://www.igashop.com.au/product/170000000883,"https://cdn.metcash.media/image/upload/w_1500,h_1500,c_pad,b_auto/igashop/images/170000000883.jpg",12+ Months,Heinz
Heinz Little Treats Vanilla Custard Baby Food Jar 6+ months,$1.20,110g,https://www.igashop.com.au/product/644626,"https://cdn.metcash.media/image/upload/w_1500,h_1500,c_pad,b_auto/igashop/images/644626.jpg",6+ Months,Heinz
Heinz Pear Baby Food Jar 4+ months,$1.20,110g,https://www.igashop.com.au/product/170000000757,"https://cdn.metcash.media/image/upload/w_1500,h_1500,c_pad,b_auto/igashop/images/170000000757.jpg",4+ Months,Heinz
Heinz Pumpkin & Potato + Beef Baby Food Jar 4+ months,$1.20,110g,https://www.igashop.com.au/product/76556,"https://cdn.metcash.media/image/upload/w_1500,h_1500,c_pad,b_auto/igashop/images/76556.jpg",4+ Months,Heinz
Heinz Smooth Simply Custard With Banana,$1.70,120g,https://www.igashop.com.au/product/92751,"https://cdn.metcash.media/image/upload/w_1500,h_1500,c_pad,b_auto/igashop/images/92751.jpg",6+ Months,Heinz
Heinz Smooth Simply Vanilla Custard,$1.70,120g,https://www.igashop.com.au/product/341956,"https://cdn.metcash.media/image/upload/w_1500,h_1500,c_pad,b_auto/igashop/images/341956.jpg",6+ Months,Heinz
Heinz Yoghurt Muesli Fingers Fruit Salad Toddler Food 1-3 Years,$4.00,90g,https://www.igashop.com.au/product/160000012700,"https://cdn.metcash.media/image/upload/w_1500,h_1500,c_pad,b_auto/igashop/images/160000012700.jpg",12+ Months,Heinz
Huggies Baby Wipes Coconut,$5.00,80,https://www.igashop.com.au/product/671987,"https://cdn.metcash.media/image/upload/w_1500,h_1500,c_pad,b_auto/igashop/images/671987.jpg",Baby Wipes and Changing,Huggies
Huggies Baby Wipes Cucumber & Aloe,$5.00,80,https://www.igashop.com.au/product/86475,"https://cdn.metcash.media/image/upload/w_1500,h_1500,c_pad,b_auto/igashop/images/86475.jpg",Baby Wipes and Changing,Huggies
Huggies Baby Wipes Fragrance Free,$5.00,80,https://www.igashop.com.au/product/61802,"https://cdn.metcash.media/image/upload/w_1500,h_1500,c_pad,b_auto/igashop/images/61802.jpg",Baby Wipes and Changing,Huggies
Huggies Baby Wipes Fragrance Free 80 Wipes Per Pack,$14.00,3,https://www.igashop.com.au/product/889996,"https://cdn.metcash.media/image/upload/w_1500,h_1500,c_pad,b_auto/igashop/images/889996.jpg",Baby Wipes and Changing,Huggies
Huggies Baby Wipes Fragrance Free Clutch & Go,$8.00,32,https://www.igashop.com.au/product/938562,"https://cdn.metcash.media/image/upload/w_1500,h_1500,c_pad,b_auto/igashop/images/938562.jpg",Baby Wipes and Changing,Huggies
Huggies Baby Wipes Unscented Textured XL Refill,$5.00,70,https://www.igashop.com.au/product/180000002866,"https://cdn.metcash.media/image/upload/w_1500,h_1500,c_pad,b_auto/igashop/images/180000002866.jpg",Baby Wipes and Changing,Huggies
Huggies Baby Wipes Value Refill Cucumber & Aloe,$18.00,400,https://www.igashop.com.au/product/614192,"https://cdn.metcash.media/image/upload/w_1500,h_1500,c_pad,b_auto/igashop/images/614192.jpg",Baby Wipes and Changing,Huggies
Huggies Baby Wipes Value Refill Fragrance Free,$18.00,400,https://www.igashop.com.au/product/613918,"https://cdn.metcash.media/image/upload/w_1500,h_1500,c_pad,b_auto/igashop/images/613918.jpg",Baby Wipes and Changing,Huggies
Huggies Biodegradable Baby Wipes,$6.00,64,https://www.igashop.com.au/product/170000002413,"https://cdn.metcash.media/image/upload/w_1500,h_1500,c_pad,b_auto/igashop/images/170000002413.jpg",Baby Wipes and Changing,Huggies
Huggies Crawler Boys,$22.00,44,https://www.igashop.com.au/product/3731,"https://cdn.metcash.media/image/upload/w_1500,h_1500,c_pad,b_auto/igashop/images/3731.jpg",Nappies 6-12 Months (7-10kgs),Huggies
Huggies Crawler Girls,$22.00,44,https://www.igashop.com.au/product/3244,"https://cdn.metcash.media/image/upload/w_1500,h_1500,c_pad,b_auto/igashop/images/3244.jpg",Nappies 6-12 Months (7-10kgs),Huggies
Huggies Diaper Pants Size 4 Boy Jumbo ,$39.00,62,https://www.igashop.com.au/product/1800000067622,"https://cdn.metcash.media/image/upload/w_1500,h_1500,c_pad,b_auto/igashop/images/1800000067622.jpg","Nappy Pants, Swimming & Nightime Nappies",Huggies
Huggies Diaper Pants Size 4 Girl Jumbo ,$39.00,62,https://www.igashop.com.au/product/1800000067623,"https://cdn.metcash.media/image/upload/w_1500,h_1500,c_pad,b_auto/igashop/images/1800000067623.jpg","Nappy Pants, Swimming & Nightime Nappies",Huggies
Huggies Diaper Pants Size 5 Girl Jumbo ,$39.00,54,https://www.igashop.com.au/product/1800000067625,"https://cdn.metcash.media/image/upload/w_1500,h_1500,c_pad,b_auto/igashop/images/1800000067625.jpg","Nappy Pants, Swimming & Nightime Nappies",Huggies
Huggies Diaper Pants Size 6 Boy Jumbo ,$39.00,48,https://www.igashop.com.au/product/1800000067626,"https://cdn.metcash.media/image/upload/w_1500,h_1500,c_pad,b_auto/igashop/images/1800000067626.jpg","Nappy Pants, Swimming & Nightime Nappies",Huggies
Huggies Diaper Pants Size 6 Girl Jumbo ,$39.00,48,https://www.igashop.com.au/product/1800000067627,"https://cdn.metcash.media/image/upload/w_1500,h_1500,c_pad,b_auto/igashop/images/1800000067627.jpg","Nappy Pants, Swimming & Nightime Nappies",Huggies
Huggies Drynites Bed Mats,$11.00,7,https://www.igashop.com.au/product/331016,"https://cdn.metcash.media/image/upload/w_1500,h_1500,c_pad,b_auto/igashop/images/331016.jpg",Other Baby Accessories,Huggies
Huggies DryNites Night Time Pants for Boys 2-4 Years (13-20kg),$11.00,10,https://www.igashop.com.au/product/581137,"https://cdn.metcash.media/image/upload/w_1500,h_1500,c_pad,b_auto/igashop/images/581137.jpg","Nappy Pants, Swimming & Nightime Nappies",Huggies
Huggies DryNites Night Time Pants for Boys 4-7 Years (17-30kg),$11.00,9,https://www.igashop.com.au/product/582353,"https://cdn.metcash.media/image/upload/w_1500,h_1500,c_pad,b_auto/igashop/images/582353.jpg","Nappy Pants, Swimming & Nightime Nappies",Huggies
Huggies DryNites Night Time Pants for Boys 8-15 Years (27-57kg),$11.00,8,https://www.igashop.com.au/product/582418,"https://cdn.metcash.media/image/upload/w_1500,h_1500,c_pad,b_auto/igashop/images/582418.jpg","Nappy Pants, Swimming & Nightime Nappies",Huggies
Huggies DryNites Night Time Pants for Girls 2-4 Years (13-20kg),$11.00,10,https://www.igashop.com.au/product/581399,"https://cdn.metcash.media/image/upload/w_1500,h_1500,c_pad,b_auto/igashop/images/581399.jpg","Nappy Pants, Swimming & Nightime Nappies",DryNites
Huggies DryNites Night Time Pants for Girls 4-7 Years (17-30kg),$11.00,9,https://www.igashop.com.au/product/582442,"https://cdn.metcash.media/image/upload/w_1500,h_1500,c_pad,b_auto/igashop/images/582442.jpg","Nappy Pants, Swimming & Nightime Nappies",Huggies
Huggies DryNites Night Time Pants for Girls 8-15 Years (27-57kg),$11.00,8,https://www.igashop.com.au/product/582395,"https://cdn.metcash.media/image/upload/w_1500,h_1500,c_pad,b_auto/igashop/images/582395.jpg","Nappy Pants, Swimming & Nightime Nappies",Huggies
Huggies Essential Clean Baby Wipes,$3.30,80,https://www.igashop.com.au/product/944607,"https://cdn.metcash.media/image/upload/w_1500,h_1500,c_pad,b_auto/igashop/images/944607.jpg",Baby Toiletries,Huggies
Huggies Essential Size 3 Crawler,$16.00,52,https://www.igashop.com.au/product/986531,"https://cdn.metcash.media/image/upload/w_1500,h_1500,c_pad,b_auto/igashop/images/986531.jpg",Nappies 6-12 Months (7-10kgs),Huggies
Huggies Essential Size 4 Toddler,$16.00,46,https://www.igashop.com.au/product/986573,"https://cdn.metcash.media/image/upload/w_1500,h_1500,c_pad,b_auto/igashop/images/986573.jpg",Nappies 12-18 Months (9-12kgs),Huggies
Huggies Essential Size 5 Walker,$16.00,44,https://www.igashop.com.au/product/986696,"https://cdn.metcash.media/image/upload/w_1500,h_1500,c_pad,b_auto/igashop/images/986696.jpg",Nappies 18 Months (10+kgs),Huggies
Huggies Essential Size 6 Junior,$16.00,40,https://www.igashop.com.au/product/986769,"https://cdn.metcash.media/image/upload/w_1500,h_1500,c_pad,b_auto/igashop/images/986769.jpg",Nappies 18 Months (10+kgs),Huggies
Huggies Infant Nappies Size 2 (4-8kg),$22.00,48,https://www.igashop.com.au/product/189715,"https://cdn.metcash.media/image/upload/w_1500,h_1500,c_pad,b_auto/igashop/images/189715.jpg",Nappies 3-6 Months (5-7kgs),Huggies
Huggies Infant Nappies Size 2 (4-8kg),$13.00,24,https://www.igashop.com.au/product/995378,"https://cdn.metcash.media/image/upload/w_1500,h_1500,c_pad,b_auto/igashop/images/995378.jpg",Nappies 3-6 Months (5-7kgs),Huggies
Huggies Jumbo Infant Nappies Nappies,$28.00,96,https://www.igashop.com.au/product/994770,"https://cdn.metcash.media/image/upload/w_1500,h_1500,c_pad,b_auto/igashop/images/994770.jpg",Nappies 3-6 Months (5-7kgs),Huggies
Huggies Little Swimmers Swimpants Large (14+kg),$15.30,10,https://www.igashop.com.au/product/424351,"https://cdn.metcash.media/image/upload/w_1500,h_1500,c_pad,b_auto/igashop/images/424351.jpg","Nappy Pants, Swimming & Nightime Nappies",Huggies
Huggies Little Swimmers Swimpants Medium (7-12kg),$15.30,11,https://www.igashop.com.au/product/424270,"https://cdn.metcash.media/image/upload/w_1500,h_1500,c_pad,b_auto/igashop/images/424270.jpg","Nappy Pants, Swimming & Nightime Nappies",Huggies
Huggies Little Swimmers Swimpants Small (7-12kg),$15.30,12,https://www.igashop.com.au/product/160000010816,"https://cdn.metcash.media/image/upload/w_1500,h_1500,c_pad,b_auto/igashop/images/160000010816.jpg",Nappies 18 Months (10+kgs),Huggies
Huggies Nappies Newborn Jumbo,$28.00,108,https://www.igashop.com.au/product/760362,"https://cdn.metcash.media/image/upload/w_1500,h_1500,c_pad,b_auto/igashop/images/760362.jpg",Nappies 3-6 Months (5-7kgs),Huggies
Huggies Nappy Pants Junior Boy,$15.95,24,https://www.igashop.com.au/product/759154,"https://cdn.metcash.media/image/upload/w_1500,h_1500,c_pad,b_auto/igashop/images/759154.jpg",Nappies 18 Months (10+kgs),Huggies
Huggies Nappy Pants Junior Girl,$15.95,24,https://www.igashop.com.au/product/759167,"https://cdn.metcash.media/image/upload/w_1500,h_1500,c_pad,b_auto/igashop/images/759167.jpg",Nappies 18 Months (10+kgs),Huggies
Huggies Nappy Pants Toddler Boy,$15.95,29,https://www.igashop.com.au/product/758522,"https://cdn.metcash.media/image/upload/w_1500,h_1500,c_pad,b_auto/igashop/images/758522.jpg",Nappies 18 Months (10+kgs),Huggies
Huggies Nappy Pants Toddler Girl,$15.95,29,https://www.igashop.com.au/product/758807,"https://cdn.metcash.media/image/upload/w_1500,h_1500,c_pad,b_auto/igashop/images/758807.jpg","Nappy Pants, Swimming & Nightime Nappies",Huggies
Huggies Nappy Pants Walker Boy,$15.95,26,https://www.igashop.com.au/product/758831,"https://cdn.metcash.media/image/upload/w_1500,h_1500,c_pad,b_auto/igashop/images/758831.jpg",Nappies 12-18 Months (9-12kgs),Huggies
Huggies Nappy Pants Walker Girl,$15.95,26,https://www.igashop.com.au/product/759015,"https://cdn.metcash.media/image/upload/w_1500,h_1500,c_pad,b_auto/igashop/images/759015.jpg","Nappy Pants, Swimming & Nightime Nappies",Huggies
Huggies Nappy Ultra Newborn,$13.00,28,https://www.igashop.com.au/product/761114,"https://cdn.metcash.media/image/upload/w_1500,h_1500,c_pad,b_auto/igashop/images/761114.jpg",Newborn Nappies 3-5kgs,Huggies
Huggies Newborn Nappies for Boys & Girls Size 1 (up to 5kg),$22.00,54,https://www.igashop.com.au/product/758336,"https://cdn.metcash.media/image/upload/w_1500,h_1500,c_pad,b_auto/igashop/images/758336.jpg",Nappies 3-6 Months (5-7kgs),Huggies
Huggies Pure & Sensitive Nappy Pant Size 4 Large,$28.00,54,https://www.igashop.com.au/product/180000006384,"https://cdn.metcash.media/image/upload/w_1500,h_1500,c_pad,b_auto/igashop/images/180000006384.jpg","Nappy Pants, Swimming & Nightime Nappies",Huggies
Huggies Pure & Sensitive Nappy Pant Size 6 Large ,$28.00,40,https://www.igashop.com.au/product/180000006386,"https://cdn.metcash.media/image/upload/w_1500,h_1500,c_pad,b_auto/igashop/images/180000006386.jpg","Nappy Pants, Swimming & Nightime Nappies",Huggies
Huggies Pure & Sensitive Nappy Pants Size 5,$28.00,46,https://www.igashop.com.au/product/180000006385,"https://cdn.metcash.media/image/upload/w_1500,h_1500,c_pad,b_auto/igashop/images/180000006385.jpg","Nappy Pants, Swimming & Nightime Nappies",Huggies
Huggies Skin Protect Nappy Pant Size 4 Large,$28.00,58,https://www.igashop.com.au/product/180000006381,,"Nappy Pants, Swimming & Nightime Nappies",Huggies
Huggies Skin Protect Nappy Pant Size 5 Large ,$28.00,48,https://www.igashop.com.au/product/180000006382,"https://cdn.metcash.media/image/upload/w_1500,h_1500,c_pad,b_auto/igashop/images/180000006382.jpg","Nappy Pants, Swimming & Nightime Nappies",Huggies
Huggies Skin Protect Nappy Size 3 Large ,$28.00,74,https://www.igashop.com.au/product/180000006380,"https://cdn.metcash.media/image/upload/w_1500,h_1500,c_pad,b_auto/igashop/images/180000006380.jpg","Nappy Pants, Swimming & Nightime Nappies",Huggies
Huggies Toddler Boy Jumbo Ultra Dry,$39.00,72,https://www.igashop.com.au/product/651597,"https://cdn.metcash.media/image/upload/w_1500,h_1500,c_pad,b_auto/igashop/images/651597.jpg",Nappies 18 Months (10+kgs),Huggies
Huggies Toddler Girl Jumbo Ultra Dry,$39.00,72,https://www.igashop.com.au/product/651628,"https://cdn.metcash.media/image/upload/w_1500,h_1500,c_pad,b_auto/igashop/images/651628.jpg",Nappies 18 Months (10+kgs),Huggies
Huggies Ultimate Baby Wipes Water Bundle,$14.00,72,https://www.igashop.com.au/product/580822,"https://cdn.metcash.media/image/upload/w_1500,h_1500,c_pad,b_auto/igashop/images/580822.jpg",Baby Wipes and Changing,Huggies
Huggies Ultimate Baby Wipes Water Refill,$5.00,72,https://www.igashop.com.au/product/580791,"https://cdn.metcash.media/image/upload/w_1500,h_1500,c_pad,b_auto/igashop/images/580791.jpg",Baby Wipes and Changing,Huggies
Huggies Ultra Dry Nappies Boy Size 3 (6-11kg),$13.00,22,https://www.igashop.com.au/product/592311,"https://cdn.metcash.media/image/upload/w_1500,h_1500,c_pad,b_auto/igashop/images/592311.jpg",Nappies 6-12 Months (7-10kgs),Huggies
Huggies Ultra Dry Nappies Boys Size 3 (6-11kg),$39.00,90,https://www.igashop.com.au/product/343534,"https://cdn.metcash.media/image/upload/w_1500,h_1500,c_pad,b_auto/igashop/images/343534.jpg",Nappies 12-18 Months (9-12kgs),Huggies
Huggies Ultra Dry Nappies Boys Size 4 (10-15kg),$22.00,36,https://www.igashop.com.au/product/3202,"https://cdn.metcash.media/image/upload/w_1500,h_1500,c_pad,b_auto/igashop/images/3202.jpg",Nappies 12-18 Months (9-12kgs),Huggies
Huggies Ultra Dry Nappies Boys Size 4 (10-15kg),$13.00,18,https://www.igashop.com.au/product/592442,"https://cdn.metcash.media/image/upload/w_1500,h_1500,c_pad,b_auto/igashop/images/592442.jpg",Nappies 18 Months (10+kgs),Huggies
Huggies Ultra Dry Nappies Boys Size 5 (13-18kg),$22.00,32,https://www.igashop.com.au/product/2719,"https://cdn.metcash.media/image/upload/w_1500,h_1500,c_pad,b_auto/igashop/images/2719.jpg",Nappies 18 Months (10+kgs),Huggies
Huggies Ultra Dry Nappies Boys Size 5 (13-18kg),$13.00,16,https://www.igashop.com.au/product/592612,"https://cdn.metcash.media/image/upload/w_1500,h_1500,c_pad,b_auto/igashop/images/592612.jpg",Nappies 18 Months (10+kgs),Huggies
Huggies Ultra Dry Nappies Boys Size 5 (13-18kg),$39.00,64,https://www.igashop.com.au/product/651636,"https://cdn.metcash.media/image/upload/w_1500,h_1500,c_pad,b_auto/igashop/images/651636.jpg",Nappies 18 Months (10+kgs),Huggies
Huggies Ultra Dry Nappies Boys Size 6 (16+kg),$39.00,60,https://www.igashop.com.au/product/170000002425,"https://cdn.metcash.media/image/upload/w_1500,h_1500,c_pad,b_auto/igashop/images/170000002425.jpg",Nappies 18 Months (10+kgs),Huggies
Huggies Ultra Dry Nappies Boys Size 6 (16kg+),$22.00,30,https://www.igashop.com.au/product/85369,"https://cdn.metcash.media/image/upload/w_1500,h_1500,c_pad,b_auto/igashop/images/85369.jpg",Nappies 18 Months (10+kgs),Huggies
Huggies Ultra Dry Nappies Boys Size 6 Junior (16kg+),$13.00,14,https://www.igashop.com.au/product/592719,"https://cdn.metcash.media/image/upload/w_1500,h_1500,c_pad,b_auto/igashop/images/592719.jpg",Nappies 18 Months (10+kgs),Huggies
Huggies Ultra Dry Nappies Girl Size 3 (6-11kg),$13.00,22,https://www.igashop.com.au/product/592337,"https://cdn.metcash.media/image/upload/w_1500,h_1500,c_pad,b_auto/igashop/images/592337.jpg",Nappies 12-18 Months (9-12kgs),Huggies
Huggies Ultra Dry Nappies Girl Size 4 (10-15kg),$22.00,36,https://www.igashop.com.au/product/3058,"https://cdn.metcash.media/image/upload/w_1500,h_1500,c_pad,b_auto/igashop/images/3058.jpg",Nappies 12-18 Months (9-12kgs),Huggies
Huggies Ultra Dry Nappies Girl Size 5 (13-18kg),$13.00,16,https://www.igashop.com.au/product/592654,"https://cdn.metcash.media/image/upload/w_1500,h_1500,c_pad,b_auto/igashop/images/592654.jpg",Nappies 18 Months (10+kgs),Huggies
Huggies Ultra Dry Nappies Girl Size 6 (16kg+),$13.00,14,https://www.igashop.com.au/product/592921,"https://cdn.metcash.media/image/upload/w_1500,h_1500,c_pad,b_auto/igashop/images/592921.jpg",Nappies 18 Months (10+kgs),Huggies
Huggies Ultra Dry Nappies Girls Size 3 (6-11kg),$39.00,90,https://www.igashop.com.au/product/343526,"https://cdn.metcash.media/image/upload/w_1500,h_1500,c_pad,b_auto/igashop/images/343526.jpg",Nappies 12-18 Months (9-12kgs),Huggies
Huggies Ultra Dry Nappies Girls Size 4 (10-15kg),$13.00,18,https://www.igashop.com.au/product/592604,"https://cdn.metcash.media/image/upload/w_1500,h_1500,c_pad,b_auto/igashop/images/592604.jpg",Nappies 18 Months (10+kgs),Huggies
Huggies Ultra Dry Nappies Girls Size 5 (13-18kg),$22.00,32,https://www.igashop.com.au/product/2248,"https://cdn.metcash.media/image/upload/w_1500,h_1500,c_pad,b_auto/igashop/images/2248.jpg",Nappies 18 Months (10+kgs),Huggies
Huggies Ultra Dry Nappies Girls Size 5 (13-18kg),$39.00,64,https://www.igashop.com.au/product/651652,"https://cdn.metcash.media/image/upload/w_1500,h_1500,c_pad,b_auto/igashop/images/651652.jpg",Nappies 18 Months (10+kgs),Huggies
Huggies Ultra Dry Nappies Girls Size 6 (16+kg),$39.00,60,https://www.igashop.com.au/product/170000002398,"https://cdn.metcash.media/image/upload/w_1500,h_1500,c_pad,b_auto/igashop/images/170000002398.jpg",Nappies 18 Months (10+kgs),Huggies
Huggies Ultra Dry Nappies Girls Size 6 (16kg+),$22.00,30,https://www.igashop.com.au/product/85254,"https://cdn.metcash.media/image/upload/w_1500,h_1500,c_pad,b_auto/igashop/images/85254.jpg",Nappies 18 Months (10+kgs),Huggies
Huggies Ultra Dry Nappy Pants Boy Size 3 (6-12kg),$15.95,36,https://www.igashop.com.au/product/190000002618,"https://cdn.metcash.media/image/upload/w_1500,h_1500,c_pad,b_auto/igashop/images/190000002618.jpg",Nappies 12-18 Months (9-12kgs),Huggies
Huggies Ultra Dry Nappy Pants Boy Size 6 (15kg+),$39.00,48,https://www.igashop.com.au/product/170000002396,"https://cdn.metcash.media/image/upload/w_1500,h_1500,c_pad,b_auto/igashop/images/170000002396.jpg",Nappies 18 Months (10+kgs),Huggies
Huggies Ultra Dry Nappy Pants Girl Size 3 (6-12kg),$15.95,36,https://www.igashop.com.au/product/170000002417,"https://cdn.metcash.media/image/upload/w_1500,h_1500,c_pad,b_auto/igashop/images/170000002417.jpg",Nappies 12-18 Months (9-12kgs),Huggies
Huggies Ultra Dry Nappy Pants Girl Size 5 (12-17kg),$39.00,54,https://www.igashop.com.au/product/170000002441,"https://cdn.metcash.media/image/upload/w_1500,h_1500,c_pad,b_auto/igashop/images/170000002441.jpg",Nappies 18 Months (10+kgs),Huggies
Huggies Ultra Dry Nappy Pants Girl Size 6 (15kg+),$39.00,48,https://www.igashop.com.au/product/170000002409,"https://cdn.metcash.media/image/upload/w_1500,h_1500,c_pad,b_auto/igashop/images/170000002409.jpg",Nappies 18 Months (10+kgs),Huggies
Huggies Ultra Dry Nappy Pants Size 4 Boy,$39.00,62,https://www.igashop.com.au/product/160000011762,"https://cdn.metcash.media/image/upload/w_1500,h_1500,c_pad,b_auto/igashop/images/160000011762.jpg",Nappies 12-18 Months (9-12kgs),Huggies
Huggies Ultra Dry Nappy Pants Size 4 Girl,$39.00,62,https://www.igashop.com.au/product/160000011763,"https://cdn.metcash.media/image/upload/w_1500,h_1500,c_pad,b_auto/igashop/images/160000011763.jpg",Nappies 12-18 Months (9-12kgs),Huggies
Huggies Wipes With Coconut 80 Wipes Per Pack,$14.00,3,https://www.igashop.com.au/product/889894,"https://cdn.metcash.media/image/upload/w_1500,h_1500,c_pad,b_auto/igashop/images/889894.jpg",Baby Wipes and Changing,Huggies
Infacare Comfort Stage Follow-On Formula 6-12 Months,$18.00,850g,https://www.igashop.com.au/product/639875,"https://cdn.metcash.media/image/upload/w_1500,h_1500,c_pad,b_auto/igashop/images/639875.jpg",6-12 Months,Infacare
Infacare Comfort Stage Infant Formula 0-6 Months,$18.00,850g,https://www.igashop.com.au/product/638895,"https://cdn.metcash.media/image/upload/w_1500,h_1500,c_pad,b_auto/igashop/images/638895.jpg",Birth to 6 Months,Infacare
Infacol Effective Colic Relief,$19.50,50ml,https://www.igashop.com.au/product/943305,"https://cdn.metcash.media/image/upload/w_1500,h_1500,c_pad,b_auto/igashop/images/943305.jpg",Baby Health and Safety,Infacol
Johnson's Baby Bath Milk + Rice,$10.00,500ml,https://www.igashop.com.au/product/170000002469,"https://cdn.metcash.media/image/upload/w_1500,h_1500,c_pad,b_auto/igashop/images/170000002469.jpg",Baby Toiletries,Johnson's 
Johnson's Baby Bedtime Bath,$6.00,200ml,https://www.igashop.com.au/product/392847,"https://cdn.metcash.media/image/upload/w_1500,h_1500,c_pad,b_auto/igashop/images/392847.jpg",Baby Toiletries,Johnson's 
Johnson's Baby Conditioning Shampoo,$10.00,500ml,https://www.igashop.com.au/product/160000010818,"https://cdn.metcash.media/image/upload/w_1500,h_1500,c_pad,b_auto/igashop/images/160000010818.jpg",Bath and Skincare,Johnson's 
Johnson's Baby Conditioning Shampoo,$6.20,200ml,https://www.igashop.com.au/product/413041,"https://cdn.metcash.media/image/upload/w_1500,h_1500,c_pad,b_auto/igashop/images/413041.jpg",Baby Toiletries,Johnson's 
Johnson's Baby Cream ,$6.10,100g,https://www.igashop.com.au/product/180000006301,"https://cdn.metcash.media/image/upload/w_1500,h_1500,c_pad,b_auto/igashop/images/180000006301.jpg",Bath and Skincare,Johnson's 
Johnson's Baby Lotion,$8.80,500ml,https://www.igashop.com.au/product/170000002466,"https://cdn.metcash.media/image/upload/w_1500,h_1500,c_pad,b_auto/igashop/images/170000002466.jpg",Baby Toiletries,Johnson's 
Johnson's Baby Oil,$5.60,200ml,https://www.igashop.com.au/product/59669,"https://cdn.metcash.media/image/upload/w_1500,h_1500,c_pad,b_auto/igashop/images/59669.jpg",Baby Toiletries,Johnson's 
Johnson's Baby Oil With Aloe Vera & Vitamin E,$10.00,500ml,https://www.igashop.com.au/product/346210,"https://cdn.metcash.media/image/upload/w_1500,h_1500,c_pad,b_auto/igashop/images/346210.jpg",Baby Toiletries,Johnson's 
Johnson's Baby Pure Cotton Buds,$5.50,60,https://www.igashop.com.au/product/650732,"https://cdn.metcash.media/image/upload/w_1500,h_1500,c_pad,b_auto/igashop/images/650732.jpg",Baby Toiletries,Johnson's 
Johnson's Baby Shampoo,$8.80,500ml,https://www.igashop.com.au/product/471104,"https://cdn.metcash.media/image/upload/w_1500,h_1500,c_pad,b_auto/igashop/images/471104.jpg",Bath and Skincare,Johnson's 
Johnson's Baby Shampoo Original,$5.60,200ml,https://www.igashop.com.au/product/57293,"https://cdn.metcash.media/image/upload/w_1500,h_1500,c_pad,b_auto/igashop/images/57293.jpg",Baby Health and Safety,Johnson's 
Johnson's Baby Soap Twin Pack 95g,$4.50,2,https://www.igashop.com.au/product/430124,"https://cdn.metcash.media/image/upload/w_1500,h_1500,c_pad,b_auto/igashop/images/430124.jpg",Baby Toiletries,Johnson's 
Johnson's Baby Starter Kit,$8.00,1,https://www.igashop.com.au/product/691801,,Bath and Skincare,Johnson's Baby
Johnson's Baby Wash Bedtime Bath,$8.80,500ml,https://www.igashop.com.au/product/395667,"https://cdn.metcash.media/image/upload/w_1500,h_1500,c_pad,b_auto/igashop/images/395667.jpg",Baby Toiletries,Johnson's 
Johnson's Baby Wash Top To Toe Bath,$8.80,500ml,https://www.igashop.com.au/product/903884,"https://cdn.metcash.media/image/upload/w_1500,h_1500,c_pad,b_auto/igashop/images/903884.jpg",Baby Toiletries,Johnson's 
Johnson's Baby Wipes Fragrance Free,$6.50,80,https://www.igashop.com.au/product/395764,"https://cdn.metcash.media/image/upload/w_1500,h_1500,c_pad,b_auto/igashop/images/395764.jpg",Baby Wipes and Changing,Johnson's 
Johnson's Baby Wipes Skincare Fragrance Free,$14.90,3,https://www.igashop.com.au/product/429115,"https://cdn.metcash.media/image/upload/w_1500,h_1500,c_pad,b_auto/igashop/images/429115.jpg",Baby Wipes and Changing,Johnson's 
Johnson's Bedtime Baby Lotion,$5.60,200ml,https://www.igashop.com.au/product/35615,"https://cdn.metcash.media/image/upload/w_1500,h_1500,c_pad,b_auto/igashop/images/35615.jpg",Baby Toiletries,Johnson's 
Johnson's Bedtime Baby Lotion,$5.60,200ml,https://www.igashop.com.au/product/59619,"https://cdn.metcash.media/image/upload/w_1500,h_1500,c_pad,b_auto/igashop/images/59619.jpg",Baby Toiletries,Johnson's 
Karicare 1 Baby Infant Formula From Birth to 6 Months,$20.00,900g,https://www.igashop.com.au/product/372850,"https://cdn.metcash.media/image/upload/w_1500,h_1500,c_pad,b_auto/igashop/images/372850.jpg",Birth to 6 Months,Nutricia
Karicare 2 Baby Follow-On Formula From 6-12 Months,$20.00,900g,https://www.igashop.com.au/product/372842,"https://cdn.metcash.media/image/upload/w_1500,h_1500,c_pad,b_auto/igashop/images/372842.jpg",6-12 Months,Karicare+
Karicare Plus 3 Milk for Toddlers 12+ Months,$20.00,900g,https://www.igashop.com.au/product/372834,"https://cdn.metcash.media/image/upload/w_1500,h_1500,c_pad,b_auto/igashop/images/372834.jpg",12+ Months,Karicare+
Kiddylicious Infant Bars Melts Strawberry & Banana,$2.20,6g,https://www.igashop.com.au/product/180000004567,,12+ Months,Kiddylicious
Kiddylicious Infant Food Crispie Tiddlers Raspberry,$2.20,12g,https://www.igashop.com.au/product/180000004568,,12+ Months,Kiddylicious
Little Bellies Banana Softcorn,$1.95,8g,https://www.igashop.com.au/product/745919,"https://cdn.metcash.media/image/upload/w_1500,h_1500,c_pad,b_auto/igashop/images/745919.jpg",8+ Months,Baby Bellies
Little Bellies Organic Animal Biscuits,$5.15,130g,https://www.igashop.com.au/product/604252,"https://cdn.metcash.media/image/upload/w_1500,h_1500,c_pad,b_auto/igashop/images/604252.jpg",8+ Months,Little Bellies
Little Bellies Organic Banana Date & Oat Bar,$4.35,85g,https://www.igashop.com.au/product/604121,"https://cdn.metcash.media/image/upload/w_1500,h_1500,c_pad,b_auto/igashop/images/604121.jpg",12+ Months,Little Bellies
Little Bellies Organic Puffs Apple & Cinnamon,$1.95,12g,https://www.igashop.com.au/product/743755,"https://cdn.metcash.media/image/upload/w_1500,h_1500,c_pad,b_auto/igashop/images/743755.jpg",6+ Months,Little Bellies
Little Bellies Pick Up Sticks Banana,$3.15,16g,https://www.igashop.com.au/product/1800000067669,"https://cdn.metcash.media/image/upload/w_1500,h_1500,c_pad,b_auto/igashop/images/1800000067669.jpg",6+ Months,Little Bellies
Little Bellies Softcorn Share Bag Berry & Apple,$4.50,30g,https://www.igashop.com.au/product/1800000067670,"https://cdn.metcash.media/image/upload/w_1500,h_1500,c_pad,b_auto/igashop/images/1800000067670.jpg",6+ Months,Little Bellies
Milton Baby Bottle Cleaner,$7.00,500ml,https://www.igashop.com.au/product/160000000598,"https://cdn.metcash.media/image/upload/w_1500,h_1500,c_pad,b_auto/igashop/images/160000000598.jpg",Other Baby Accessories,Milton
Nestle Nan Supremepro Baby/Infant Formula 3,$28.00,800g,https://www.igashop.com.au/product/1800000069092,"https://cdn.metcash.media/image/upload/w_1500,h_1500,c_pad,b_auto/igashop/images/1800000069092.jpg",Birth to 6 Months,Nestle
Nestl Cerelac Cereal Infant Nutrition Baby,$6.70,200g,https://www.igashop.com.au/product/49295,"https://cdn.metcash.media/image/upload/w_1500,h_1500,c_pad,b_auto/igashop/images/49295.jpg",12+ Months,Nestle
Nestl Cerelac Infant Nutrition Multigrain Banana & Apple,$6.90,200g,https://www.igashop.com.au/product/972430,"https://cdn.metcash.media/image/upload/w_1500,h_1500,c_pad,b_auto/igashop/images/972430.jpg",8+ Months,Nestle
Nestl Cerelac Oats & Wheat with Prune Baby Cereal Stage 2,$6.70,200g,https://www.igashop.com.au/product/190000000480,"https://cdn.metcash.media/image/upload/w_1500,h_1500,c_pad,b_auto/igashop/images/190000000480.jpg",6+ Months,Nestle
Nestl Nan Comfort 1 Baby Infant Formula,$21.00,800g,https://www.igashop.com.au/product/246910,"https://cdn.metcash.media/image/upload/w_1500,h_1500,c_pad,b_auto/igashop/images/246910.jpg",Birth to 6 Months,Nestle
Nestl Nan Comfort 2,$21.00,800g,https://www.igashop.com.au/product/20000004890,"https://cdn.metcash.media/image/upload/w_1500,h_1500,c_pad,b_auto/igashop/images/20000004890.jpg",6-12 Months,Nestle
Nestl Nan Comfort 3,$18.50,800g,https://www.igashop.com.au/product/20000004891,"https://cdn.metcash.media/image/upload/w_1500,h_1500,c_pad,b_auto/igashop/images/20000004891.jpg",12+ Months,Nestle
Nestl NAN Optipro 2 Premium Baby Follow-on Formula Powder From 6 to 12 Months,$27.50,800g,https://www.igashop.com.au/product/250825,"https://cdn.metcash.media/image/upload/w_1500,h_1500,c_pad,b_auto/igashop/images/250825.jpg",6-12 Months,Nestle
Nestl NAN Optipro 3 Premium Toddler Milk Drink Powder From 1 year,$24.00,800g,https://www.igashop.com.au/product/250833,"https://cdn.metcash.media/image/upload/w_1500,h_1500,c_pad,b_auto/igashop/images/250833.jpg",12+ Months,Nestle
Nestl Nan Optipro Baby/Infant Formula 1,$27.50,800g,https://www.igashop.com.au/product/250419,"https://cdn.metcash.media/image/upload/w_1500,h_1500,c_pad,b_auto/igashop/images/250419.jpg",Birth to 6 Months,Nestle
Nestl NAN Supremepro 2 Premium Follow-On Formula 6-12 Months,$37.00,800g,https://www.igashop.com.au/product/250375,"https://cdn.metcash.media/image/upload/w_1500,h_1500,c_pad,b_auto/igashop/images/250375.jpg",6-12 Months,Nestle
Nestl Nan Supremepro Baby/Infant Formula,$37.00,800g,https://www.igashop.com.au/product/250105,"https://cdn.metcash.media/image/upload/w_1500,h_1500,c_pad,b_auto/igashop/images/250105.jpg",Birth to 6 Months,Nestle
New Beginnings Bamboo Disposable Nursing Pads,$7.00,40,https://www.igashop.com.au/product/575437,"https://cdn.metcash.media/image/upload/w_1500,h_1500,c_pad,b_auto/igashop/images/575437.jpg",Other Baby Accessories,New Beginnings
Only Organic 6 Months+ Apple Banana & Mango,$2.15,120g,https://www.igashop.com.au/product/77874,"https://cdn.metcash.media/image/upload/w_1500,h_1500,c_pad,b_auto/igashop/images/77874.jpg",6+ Months,Only Organic
Only Organic 8 Months+ Banana Raspberry & Vanilla,$2.15,120g,https://www.igashop.com.au/product/77866,"https://cdn.metcash.media/image/upload/w_1500,h_1500,c_pad,b_auto/igashop/images/77866.jpg",8+ Months,Only Organic
Only Organic Baby Food Apple Blueberry Blackberry & Oats,$2.15,120g,https://www.igashop.com.au/product/329564,"https://cdn.metcash.media/image/upload/w_1500,h_1500,c_pad,b_auto/igashop/images/329564.jpg",8+ Months,Only Organic
Only Organic Baby Food Coconut Banana & Acai Smoothie,$2.85,100g,https://www.igashop.com.au/product/1800000069110,,4+ Months,Only Organic
Only Organic Baby Food Mango Coconut And Quinoa,$2.15,120g,https://www.igashop.com.au/product/1800000069111,,4+ Months,Only Organic
Only Organic Baby Food Pumpkin & Sweet Potato,$2.15,120g,https://www.igashop.com.au/product/1800000067766,,6+ Months,Only Organic
Only Organic Baby Food Rice Cakes Blueberry Apple,$2.95,35g,https://www.igashop.com.au/product/180000004871,,6+ Months,Only Organic
Only Organic Baby Food Rice Cakes Carrot Apple,$4.00,35g,https://www.igashop.com.au/product/180000004870,,6+ Months,Only Organic
Only Organic Baby Food Strawberry & Apple Oat Bars,$5.50,6,https://www.igashop.com.au/product/1800000069112,,4+ Months,Only Organic
Only Organic Banana Berry & Quinoa,$2.15,120g,https://www.igashop.com.au/product/83260,"https://cdn.metcash.media/image/upload/w_1500,h_1500,c_pad,b_auto/igashop/images/83260.jpg",6+ Months,Only Organic
Only Organic Banana Berry Yogurt,$2.15,120g,https://www.igashop.com.au/product/391252,"https://cdn.metcash.media/image/upload/w_1500,h_1500,c_pad,b_auto/igashop/images/391252.jpg",8+ Months,Only Organic
Only Organic Banana Biscotti,$5.00,100g,https://www.igashop.com.au/product/936939,"https://cdn.metcash.media/image/upload/w_1500,h_1500,c_pad,b_auto/igashop/images/936939.jpg",8+ Months,Only Organic
Only Organic Banana Pear & Apple,$2.15,120g,https://www.igashop.com.au/product/354564,"https://cdn.metcash.media/image/upload/w_1500,h_1500,c_pad,b_auto/igashop/images/354564.jpg",6+ Months,Only Organic
Only Organic Bolognese Pasta,$2.90,170g,https://www.igashop.com.au/product/937100,"https://cdn.metcash.media/image/upload/w_1500,h_1500,c_pad,b_auto/igashop/images/937100.jpg",8+ Months,Only Organic
Only Organic Chicken Bolognese,$2.90,170g,https://www.igashop.com.au/product/936997,"https://cdn.metcash.media/image/upload/w_1500,h_1500,c_pad,b_auto/igashop/images/936997.jpg",12+ Months,Only Organic
Only Organic Chicken Vegetables & Star Pasta 8+ Months,$2.90,170g,https://www.igashop.com.au/product/160000013047,"https://cdn.metcash.media/image/upload/w_1500,h_1500,c_pad,b_auto/igashop/images/160000013047.jpg",8+ Months,Only Organic
Only Organic Mango Chicken & Coconut Rice,$2.90,170g,https://www.igashop.com.au/product/967040,"https://cdn.metcash.media/image/upload/w_1500,h_1500,c_pad,b_auto/igashop/images/967040.jpg",12+ Months,Only Organic
Only Organic Mango Yogurt Brekkie,$2.15,120g,https://www.igashop.com.au/product/832520,"https://cdn.metcash.media/image/upload/w_1500,h_1500,c_pad,b_auto/igashop/images/832520.jpg",8+ Months,Only Organic
Only Organic Pasta Extra Beef Bolognese,$3.85,220g,https://www.igashop.com.au/product/362253,"https://cdn.metcash.media/image/upload/w_1500,h_1500,c_pad,b_auto/igashop/images/362253.jpg",12+ Months,Only Organic
Only Organic Pumpkin Potato & Beef,$2.90,170g,https://www.igashop.com.au/product/937074,"https://cdn.metcash.media/image/upload/w_1500,h_1500,c_pad,b_auto/igashop/images/937142.jpg",8+ Months,Only Organic
Only Organic Sweet Pot Lamb & Couscous,$2.90,170g,https://www.igashop.com.au/product/21043,"https://cdn.metcash.media/image/upload/w_1500,h_1500,c_pad,b_auto/igashop/images/21043.jpg",8+ Months,Only Organic
Only Organic Vanilla Bean Custard 6+ Months Baby Food,$2.15,120g,https://www.igashop.com.au/product/82625,"https://cdn.metcash.media/image/upload/w_1500,h_1500,c_pad,b_auto/igashop/images/82625.jpg",6+ Months,Only Organic
Only Organic Vegetable Chicken Risotto,$3.85,220g,https://www.igashop.com.au/product/362478,"https://cdn.metcash.media/image/upload/w_1500,h_1500,c_pad,b_auto/igashop/images/362478.jpg",12+ Months,Only Organic
Only Organic Vegetable Macaroni Cheese,$3.85,220g,https://www.igashop.com.au/product/362282,"https://cdn.metcash.media/image/upload/w_1500,h_1500,c_pad,b_auto/igashop/images/362282.jpg",12+ Months,Only Organic
Only Organic Wild Rice Risotto With Spring Lamb,$2.15,120g,https://www.igashop.com.au/product/354577,"https://cdn.metcash.media/image/upload/w_1500,h_1500,c_pad,b_auto/igashop/images/354577.jpg",6+ Months,Only Organic
Organic Care Kids Bubble Bath,$4.00,400ml,https://www.igashop.com.au/product/366833,"https://cdn.metcash.media/image/upload/w_1500,h_1500,c_pad,b_auto/igashop/images/366833.jpg",Baby Toiletries,Organic Care
Playette Blankie Friend Assorted,$11.50,1,https://www.igashop.com.au/product/254450,,Baby Clothes,Playette
Playette Novelty Easter Rattle Socks - 3-12M,$10.00,1,https://www.igashop.com.au/product/254476,"https://cdn.metcash.media/image/upload/w_1500,h_1500,c_pad,b_auto/igashop/images/254476.jpg",Baby Clothes,Playette
"Rafferty's Garden Apple, Banana & Peach Baby Food",$2.15,120g,https://www.igashop.com.au/product/345065,"https://cdn.metcash.media/image/upload/w_1500,h_1500,c_pad,b_auto/igashop/images/345065.jpg",4+ Months,Rafferty's Garden
Rafferty's Garden Baby's Bolognese with Macaroni 10+ Months Baby Food,$2.50,170g,https://www.igashop.com.au/product/349828,"https://cdn.metcash.media/image/upload/w_1500,h_1500,c_pad,b_auto/igashop/images/349828.jpg",8+ Months,Rafferty's Garden
Rafferty's Garden Banana & Mango No Added Sugar Custard 6+ Months,$2.15,120g,https://www.igashop.com.au/product/160000012439,"https://cdn.metcash.media/image/upload/w_1500,h_1500,c_pad,b_auto/igashop/images/160000012439.jpg",6+ Months,Rafferty's Garden
Rafferty's Garden Banana & Pumpkin Teething Wafers 6M+,$4.00,60g,https://www.igashop.com.au/product/180000003205,,6+ Months,Rafferty's Garden
Rafferty's Garden Beef Sweet Potato & Parsnips,$2.15,120g,https://www.igashop.com.au/product/23370,"https://cdn.metcash.media/image/upload/w_1500,h_1500,c_pad,b_auto/igashop/images/23370.jpg",6+ Months,Rafferty's Garden
Rafferty's Garden Blueberry & Banana Teething Wafers 6M+,$4.00,60g,https://www.igashop.com.au/product/180000002702,,6+ Months,Rafferty's Garden
Rafferty's Garden Brown Rice Bean & Pumpkin 8+ Months,$2.15,120g,https://www.igashop.com.au/product/26653,"https://cdn.metcash.media/image/upload/w_1500,h_1500,c_pad,b_auto/igashop/images/26653.jpg",8+ Months,Rafferty's Garden
Rafferty's Garden Chicken Basil & Tomato Pasta,$2.80,170g,https://www.igashop.com.au/product/317591,"https://cdn.metcash.media/image/upload/w_1500,h_1500,c_pad,b_auto/igashop/images/317591.jpg",8+ Months,Rafferty's Garden
Rafferty's Garden Chicken Vegetable & Rice,$2.15,120g,https://www.igashop.com.au/product/24766,"https://cdn.metcash.media/image/upload/w_1500,h_1500,c_pad,b_auto/igashop/images/24766.jpg",6+ Months,Rafferty's Garden
"Rafferty's Garden Food 4 Months+ Apple, Pear & Cinnamon",$2.15,120g,https://www.igashop.com.au/product/350594,"https://cdn.metcash.media/image/upload/w_1500,h_1500,c_pad,b_auto/igashop/images/350594.jpg",4+ Months,Rafferty's Garden
"Rafferty's Garden Food 4 Months+ Banana, Pear & Mango",$2.15,120g,https://www.igashop.com.au/product/350560,"https://cdn.metcash.media/image/upload/w_1500,h_1500,c_pad,b_auto/igashop/images/350560.jpg",4+ Months,Rafferty's Garden
"Rafferty's Garden Food 4 Months+ Blueberries, Banana & Apple",$2.15,120g,https://www.igashop.com.au/product/350421,"https://cdn.metcash.media/image/upload/w_1500,h_1500,c_pad,b_auto/igashop/images/350421.jpg",4+ Months,Rafferty's Garden
Rafferty's Garden Food 4 Months+ Pear & Apricot,$2.15,120g,https://www.igashop.com.au/product/48794,"https://cdn.metcash.media/image/upload/w_1500,h_1500,c_pad,b_auto/igashop/images/48794.jpg",4+ Months,Rafferty's Garden
Rafferty's Garden Fruit Snack Bar 12 Months+ Apple & Raspberry,$5.00,128g,https://www.igashop.com.au/product/662831,"https://cdn.metcash.media/image/upload/w_1500,h_1500,c_pad,b_auto/igashop/images/662831.jpg",12+ Months,Rafferty's Garden
Rafferty's Garden Happy Nurture Immunity Berries Pear & Oats 12M+ ,$2.50,120g,https://www.igashop.com.au/product/1800000067808,,12+ Months,Rafferty's Garden
Rafferty's Garden Happy Tummies Apple & Strawberry Puffed Rice Bars 1-5Y ,$5.00,72g,https://www.igashop.com.au/product/1800000067805,,12+ Months,Rafferty's Garden
Rafferty's Garden Happy Tummies Banana Prune & Oats 12M+ ,$2.50,120g,https://www.igashop.com.au/product/1800000067807,,12+ Months,Rafferty's Garden
Rafferty's Garden Happy Tummies Pear & Mango Star Puffs 12M+ ,$2.20,12g,https://www.igashop.com.au/product/1800000067812,,12+ Months,Rafferty's Garden
Rafferty's Garden Ifood Talian Lasagne Italian Lasagne,$2.50,170g,https://www.igashop.com.au/product/69096,"https://cdn.metcash.media/image/upload/w_1500,h_1500,c_pad,b_auto/igashop/images/69096.jpg",8+ Months,Rafferty's Garden
Rafferty's Garden Mango & Chia Pressed Bars 1-3Y ,$5.00,90g,https://www.igashop.com.au/product/1800000067814,,12+ Months,Rafferty's Garden
Rafferty's Garden Nurture Immunity Blueberry Star Puffs 12M+ ,$2.20,12g,https://www.igashop.com.au/product/1800000067811,,12+ Months,Rafferty's Garden
Rafferty's Garden Old Fashioned Chocolate Custard 6+ Months,$2.15,120g,https://www.igashop.com.au/product/5144,"https://cdn.metcash.media/image/upload/w_1500,h_1500,c_pad,b_auto/igashop/images/5144.jpg",6+ Months,Rafferty's Garden
Rafferty's Garden Pear & Prune,$2.15,120g,https://www.igashop.com.au/product/2117,"https://cdn.metcash.media/image/upload/w_1500,h_1500,c_pad,b_auto/igashop/images/2117.jpg",4+ Months,Rafferty's Garden
Rafferty's Garden Pear & Superberries Smooth,$2.15,120g,https://www.igashop.com.au/product/370866,"https://cdn.metcash.media/image/upload/w_1500,h_1500,c_pad,b_auto/igashop/images/370866.jpg",4+ Months,Rafferty's Garden
Rafferty's Garden Porridge Pear Banana & Mango ,$2.30,120g,https://www.igashop.com.au/product/1800000067803,,12+ Months,Rafferty's Garden
Rafferty's Garden Prebiotics Strawberry & Chia Yoghurt Brekkie,$2.15,120g,https://www.igashop.com.au/product/244722,"https://cdn.metcash.media/image/upload/w_1500,h_1500,c_pad,b_auto/igashop/images/244722.jpg",8+ Months,Rafferty's Garden
Rafferty's Garden Puffs Plus Banana Smiley Puffs 10M+ ,$4.00,30g,https://www.igashop.com.au/product/1800000067810,,12+ Months,Rafferty's Garden
Rafferty's Garden Puffs Plus Strawberry Smiley Puffs 10M+ ,$4.00,30g,https://www.igashop.com.au/product/1800000067809,,12+ Months,Rafferty's Garden
Rafferty's Garden Pumpkin Apple & Sweetcorn,$2.15,120g,https://www.igashop.com.au/product/350659,"https://cdn.metcash.media/image/upload/w_1500,h_1500,c_pad,b_auto/igashop/images/350659.jpg",4+ Months,Rafferty's Garden
Rafferty's Garden Rice Cereal Pear Banana & Milk,$2.15,120g,https://www.igashop.com.au/product/317648,"https://cdn.metcash.media/image/upload/w_1500,h_1500,c_pad,b_auto/igashop/images/317648.jpg",4+ Months,Rafferty's Garden
Rafferty's Garden Smart Start Banana Blueberry & Spinach 12M+,$2.50,120g,https://www.igashop.com.au/product/1800000067806,,12+ Months,Rafferty's Garden
Rafferty's Garden Smart Start Carrot & Pumpkin Star Puffs 12M+ ,$2.20,12g,https://www.igashop.com.au/product/1800000067813,,12+ Months,Rafferty's Garden
Rafferty's Garden Snack Apple Fruit Bars,$5.00,8,https://www.igashop.com.au/product/63516,"https://cdn.metcash.media/image/upload/w_1500,h_1500,c_pad,b_auto/igashop/images/63516.jpg",12+ Months,Rafferty's Garden
Rafferty's Garden Snack Banana Fruit Bars,$5.00,8,https://www.igashop.com.au/product/63524,"https://cdn.metcash.media/image/upload/w_1500,h_1500,c_pad,b_auto/igashop/images/63524.jpg",12+ Months,Rafferty's Garden
Rafferty's Garden Snack Blueberry Banana Apple,$5.00,8,https://www.igashop.com.au/product/393848,"https://cdn.metcash.media/image/upload/w_1500,h_1500,c_pad,b_auto/igashop/images/393848.jpg",12+ Months,Rafferty's Garden
Rafferty's Garden Spinach Apple Broccoli & Pea,$2.15,120g,https://www.igashop.com.au/product/350764,"https://cdn.metcash.media/image/upload/w_1500,h_1500,c_pad,b_auto/igashop/images/350764.jpg",4+ Months,Rafferty's Garden
Rafferty's Garden Strawberry & Chia Pressed Bars 1-3Y,$5.00,90g,https://www.igashop.com.au/product/180000003209,,8+ Months,Rafferty's Garden
Rafferty's Garden Strawberry Yoghurt Buttons,$6.00,28g,https://www.igashop.com.au/product/345293,"https://cdn.metcash.media/image/upload/w_1500,h_1500,c_pad,b_auto/igashop/images/345293.jpg",12+ Months,Rafferty's Garden
Rafferty's Garden Summer Fruits Quinoa & Prebiotic 6+ Months,$2.15,120g,https://www.igashop.com.au/product/963452,"https://cdn.metcash.media/image/upload/w_1500,h_1500,c_pad,b_auto/igashop/images/963452.jpg",6+ Months,Rafferty's Garden
"Rafferty's Garden Sweet Potato, Carrot & Apple Baby Food",$2.15,120g,https://www.igashop.com.au/product/350617,"https://cdn.metcash.media/image/upload/w_1500,h_1500,c_pad,b_auto/igashop/images/350617.jpg",4+ Months,Rafferty's Garden
Rafferty's Garden Vanilla Custard 6+ Months,$2.15,120g,https://www.igashop.com.au/product/345243,"https://cdn.metcash.media/image/upload/w_1500,h_1500,c_pad,b_auto/igashop/images/345243.jpg",6+ Months,Rafferty's Garden
Rite Aid Nursing Pads,$7.50,40,https://www.igashop.com.au/product/474974,"https://cdn.metcash.media/image/upload/w_1500,h_1500,c_pad,b_auto/igashop/images/474974.jpg",Baby Health and Safety,Rite Aid
S-26 Alula Gold AR Infant Formula,$32.00,900g,https://www.igashop.com.au/product/933541,"https://cdn.metcash.media/image/upload/w_1500,h_1500,c_pad,b_auto/igashop/images/933541.jpg",6-12 Months,S-26
S-26 Alula Gold Follow-On Formula Stage 2,$28.50,900g,https://www.igashop.com.au/product/933452,"https://cdn.metcash.media/image/upload/w_1500,h_1500,c_pad,b_auto/igashop/images/933452.jpg",6-12 Months,S-26
"S-26 Alula Gold Junior Milk Drink, Stage 4",$24.50,900g,https://www.igashop.com.au/product/933478,"https://cdn.metcash.media/image/upload/w_1500,h_1500,c_pad,b_auto/igashop/images/933478.jpg",12+ Months,S-26
"S-26 Alula Gold LI, Lactose Intolerance Infant Formula",$28.80,900g,https://www.igashop.com.au/product/933533,"https://cdn.metcash.media/image/upload/w_1500,h_1500,c_pad,b_auto/igashop/images/933533.jpg",6-12 Months,S-26
S-26 Alula Gold Newborn Stage 1 Infant Formula,$28.50,900g,https://www.igashop.com.au/product/20000006953,"https://cdn.metcash.media/image/upload/w_1500,h_1500,c_pad,b_auto/igashop/images/20000006953.jpg",Birth to 6 Months,Alula
S-26 Alula Gold Newborn Stage 1 Infant Formula,$28.50,900g,https://www.igashop.com.au/product/933444,"https://cdn.metcash.media/image/upload/w_1500,h_1500,c_pad,b_auto/igashop/images/933444.jpg",Birth to 6 Months,S-26
S-26 Alula Original Newborn Stage 1 Infant Formula,$20.00,900g,https://www.igashop.com.au/product/933517,"https://cdn.metcash.media/image/upload/w_1500,h_1500,c_pad,b_auto/igashop/images/933517.jpg",Birth to 6 Months,S-26
S-26 Alula Original Progress Stage 2 Follow-On Formula,$20.00,900g,https://www.igashop.com.au/product/933520,"https://cdn.metcash.media/image/upload/w_1500,h_1500,c_pad,b_auto/igashop/images/933520.jpg",6-12 Months,S-26
S-26 Gold Alula Toddler 1 Year +,$24.50,900g,https://www.igashop.com.au/product/933460,"https://cdn.metcash.media/image/upload/w_1500,h_1500,c_pad,b_auto/igashop/images/933460.jpg",12+ Months,S-26
Sudocrem Healing Cream,$25.00,250g,https://www.igashop.com.au/product/951874,"https://cdn.metcash.media/image/upload/w_1500,h_1500,c_pad,b_auto/igashop/images/951874.jpg",Baby Toiletries,Sudocrem
Sudocrem Healing Cream,$10.50,60g,https://www.igashop.com.au/product/973952,"https://cdn.metcash.media/image/upload/w_1500,h_1500,c_pad,b_auto/igashop/images/973952.jpg",Baby Toiletries,Sudocrem
Sudocrem Tube,$8.65,30g,https://www.igashop.com.au/product/16687,"https://cdn.metcash.media/image/upload/w_1500,h_1500,c_pad,b_auto/igashop/images/16687.jpg",Baby Toiletries,Sudocrem
Tommee Tippee Bottle & Teat Brush,$8.05,1,https://www.igashop.com.au/product/454181,"https://cdn.metcash.media/image/upload/w_1500,h_1500,c_pad,b_auto/igashop/images/454181.jpg",Bottles and Baby Feeding,Tommee Tippee
Tommee Tippee Closer to Nature Fun Style Soothers 18-36 Months,$12.00,2,https://www.igashop.com.au/product/916316,"https://cdn.metcash.media/image/upload/w_1500,h_1500,c_pad,b_auto/igashop/images/916316.jpg",Other Baby Accessories,Tommee Tippee
Tommee Tippee Closer To Nature Milk Feeding Bib,$11.10,2,https://www.igashop.com.au/product/160000018230,"https://cdn.metcash.media/image/upload/w_1500,h_1500,c_pad,b_auto/igashop/images/160000018230.jpg",Bottles and Baby Feeding,Tommee Tippee
Tommee Tippee Closer to Nature Night-Time Soothers,$12.00,2,https://www.igashop.com.au/product/915988,"https://cdn.metcash.media/image/upload/w_1500,h_1500,c_pad,b_auto/igashop/images/915988.jpg",Teething,Tommee Tippee
Tommee Tippee Milk Feeding Bib,$11.10,2,https://www.igashop.com.au/product/454607,"https://cdn.metcash.media/image/upload/w_1500,h_1500,c_pad,b_auto/igashop/images/454607.jpg",Bottles and Baby Feeding,Tommee Tippee
Tommee Tippee Narrow Neck Bottles,$12.00,3,https://www.igashop.com.au/product/916510,"https://cdn.metcash.media/image/upload/w_1500,h_1500,c_pad,b_auto/igashop/images/916510.jpg",Bottles and Baby Feeding,Tommee Tippee
Tommee Tippee Novelty Hood Bottle,$7.00,1,https://www.igashop.com.au/product/219031,"https://cdn.metcash.media/image/upload/w_1500,h_1500,c_pad,b_auto/igashop/images/219031.jpg",Bottles and Baby Feeding,Tommee Tippee
Tommee Tippee Softeechew Baby Teether BPA Free 3+ Months,$6.40,1,https://www.igashop.com.au/product/180000004674,,Teething,Tommee Tippee
Tommee Tippee Ultra Light Silicone Soother 6-18 Months,$10.25,2,https://www.igashop.com.au/product/979717,"https://cdn.metcash.media/image/upload/w_1500,h_1500,c_pad,b_auto/igashop/images/979717.jpg",Bottles and Baby Feeding,Tommee Tippee
Vicks Vaporub Baby Balsam,$10.50,50g,https://www.igashop.com.au/product/432689,"https://cdn.metcash.media/image/upload/w_1500,h_1500,c_pad,b_auto/igashop/images/432689.jpg",Baby Health and Safety,Vicks
WaterWipes Biodegradable Baby Wipes,$21.50,180,https://www.igashop.com.au/product/255977,"https://cdn.metcash.media/image/upload/w_1500,h_1500,c_pad,b_auto/igashop/images/255977.jpg",Baby Wipes and Changing,Water Wipes
Waterwipes Biodegradable Baby Wipes,$8.50,60,https://www.igashop.com.au/product/986222,"https://cdn.metcash.media/image/upload/w_1500,h_1500,c_pad,b_auto/igashop/images/986222.jpg",Baby Wipes and Changing,Water Wipes
